Origen,Destino,AnchoBanda,Latencia,jitter,PaquetesPerdidos
0,1,0.9491951237899099,0.8136999042389176,0.7744030621970805,0.34842956485637344
0,2,0.20416691149929822,0.33683722729538573,0.396818570371793,0.3748270393261154
0,3,0.757134933124527,0.689164124715728,0.5802214890740858,0.5685934359674182
0,4,0.06164216649409915,0.5823337464539026,0.5395364289077245,0.5542393437712348
0,5,0.5305117879887964,0.4233853105726021,0.35882806352402846,0.5029950741521518
0,6,0.4067895273855463,0.7694884859743397,0.5688967893298704,0.4190398334891725
0,7,0.2885962550696727,0.45234022314512023,0.3543870475804404,0.6190737154847263
0,8,0.5647917711980268,0.27448812962336955,0.20800591105397775,0.29312839640341887
0,9,0.5180879644696339,0.8199616352694119,0.7705229725457874,0.5788190709541093
0,10,0.1779472254651222,0.5462951245709995,0.49809417318346744,0.0069588607450757544
0,14,0.5945139657208742,0.2951726594006634,0.4433357652740431,0.10593988455699446
0,16,0.6179070708548455,0.08276849762952705,0.26641266096659716,0.37298503488823914
0,19,0.1508551371729535,0.602139820161825,0.7551403201264312,0.02070918695489107
0,21,0.2642834918974204,0.0028002781977078278,0.0,0.4720356973627876
0,28,0.4452691707267692,0.11676544868856466,0.09638064734950635,0.6649996806683282
0,31,0.4722980287881038,0.1002148446035632,0.36633752756547705,0.42525305407191744
0,37,0.19419875139997134,0.6548691370278797,0.46751722268913964,0.38730701698710107
0,39,0.6186168721852272,0.46345609854098935,0.44286027795083505,0.5800289880094172
0,41,0.8088960366827186,0.11984788600358674,0.10176872475332427,0.11321070595542893
0,54,0.073030133647363,0.2222408386661128,0.3225071904111887,0.12783494904052767
0,65,0.06384552472205551,0.44899440463914664,0.47217487554100884,0.437874254272055
0,76,0.6427554172386103,0.9486584539726107,0.7150375548012212,0.3154723693998927
1,0,0.6003087116227743,0.07088505896030081,0.2886124959982814,0.40552610511455034
1,6,0.8511882587836417,0.06813226114368515,0.33974565345823043,0.5371912784016815
1,7,0.9942095341577737,0.5630415123404884,0.7292076881128632,0.6300557787729552
1,8,0.6223641929039341,0.24782673689242368,0.3836909996978628,0.5397958628089592
1,12,0.6974353303346346,0.37559646999959806,0.5970079883697061,0.05368585602593796
1,14,0.571444968949929,0.33323702979919634,0.37271144081277807,0.25582550174752705
1,22,0.5299371592460379,0.7107934819279681,0.7231708603008201,0.6724608674740219
1,26,0.15362916314950104,0.7002611513902159,0.7851716717287036,0.6201910956868512
1,28,0.7656217050680627,0.08731258320530863,0.11408707510351568,0.288353823840845
1,29,0.9586544744769278,0.9055838138038862,0.7831856524039383,0.5639950368701738
1,30,0.7102218680183696,0.3408277930531453,0.30523096231718205,0.718325042771471
1,32,0.9832711351547595,0.7905125005308554,0.5625853788481168,0.9042182820573147
1,35,0.9924963148112886,0.4112206089915419,0.362842778216036,0.867223278504105
1,38,0.25772913010311393,0.29625207069236675,0.4278775717352088,0.22995238562894169
1,53,0.8392180750194259,0.4744401754539056,0.326088783820342,0.6595003303857688
1,57,0.5944791590201456,0.9269658554650163,0.7876260335239992,0.6784543062882308
1,60,0.43972647544076326,0.29747698727350025,0.24499702971412615,0.48383233660947594
1,62,0.5056507257966394,0.8528804286481169,0.6314537673449677,0.2669625463443157
1,67,0.6891600144788984,0.6354430491688183,0.45286295794053344,0.23229750065002233
1,69,0.004489438886411623,0.14168838638526293,0.16367409847700398,0.014148843181091024
1,81,0.8465438801512477,0.8860267183932488,0.9546330020072401,0.764358269482865
1,83,0.372569540666545,0.7657649921618076,0.6996493990699925,0.4574589581419352
1,96,0.3355254642287173,0.19938539535522193,0.3229735983370333,0.14120928058910598
1,99,0.7181730302524161,0.34901881134259005,0.48209434525675854,0.5502971875953837
2,0,0.42783090556168646,0.5793870809319156,0.5627542944716156,0.11218227625201033
2,6,0.4270820389864599,0.5190953934111264,0.5460406939322666,0.031327914967498545
2,7,0.08716254195543371,0.34226485073270635,0.5405063671557836,0.11468543786132342
2,11,0.3178542840698906,0.40847240619548636,0.5299011576541188,0.6964162186871624
2,15,0.7922147062777055,0.7839228219206065,0.6075706617253206,0.5851950092881525
2,17,0.9913591078187438,0.8372326443435972,0.744292780343746,0.32144271390773155
2,32,0.07341910026735776,0.0,0.11511275707098034,0.6775926244752829
2,33,0.93384925950951,0.7927809752752227,0.872632463357782,0.6629746764864954
2,41,0.9239183093655043,0.5165304570573064,0.6935009009917273,0.5767098670690262
2,48,0.06341611078480613,0.033431572384064315,0.1445426949163702,0.38123168835963517
2,53,0.5890782706806914,0.735769307808664,0.6682588458585362,0.4382594795014605
2,54,0.8290515761966097,0.5445147133078619,0.4509173811268787,0.6691060193502146
2,56,0.9032761013799477,0.5433474095637674,0.47756488606382763,0.6593211357575365
2,61,0.1871678756888735,0.900414736245861,0.6306699718295404,0.5159547677420391
2,69,0.8810091791909603,0.162211909933758,0.34187666638879766,0.33945978794834647
2,79,0.7638866122971015,0.6655082050514612,0.7529036063595628,0.6675896600680514
2,82,0.9157244579483178,0.3851425787569048,0.29768119953067573,0.6933683262160586
2,84,0.42761223572473217,0.8366220407736671,0.6751304299585548,0.12466374544834327
2,86,0.03789583216137171,0.8236614072166006,0.8642084422521614,0.029782434179621713
3,0,0.06392434233545785,0.8544254379681591,0.939198700944707,0.2393864143363974
3,13,0.061090836550659944,0.18307840333699058,0.1354937325201155,0.259161654472504
3,14,0.2228904345919155,0.6976343483131742,0.7744455504740073,0.30744787536657403
3,15,0.967254322902835,0.9901582451740691,0.9411423547780541,0.8704985704568062
3,19,0.014556858812330375,0.09086093260554567,0.2264367640052884,0.6232322718965195
3,22,0.10460260959402823,0.12593322240060204,0.36447541927994676,0.5312058607539858
3,28,0.035615744581139364,0.4594631865812068,0.4999989415060886,0.10132184224577792
3,38,0.8585125636669769,0.7945331148741911,0.8902681104886562,0.38679882223257056
3,39,0.4391106791958054,0.3898898755952402,0.3101980696250753,0.46495079683363855
3,53,0.5460924699365015,0.017839649281260403,0.31191403511517307,0.12247190363977767
3,60,0.8972606218839921,0.06899078531065755,0.32146210932364633,0.7352830428173502
3,64,0.7922041297127248,0.8124025402174915,0.6428063280140023,0.2625096225907625
3,71,0.6780685217185534,0.04584387812442594,0.2839430976065004,0.12040215731823449
3,93,0.29167343944668,0.07151615732040692,0.1981595734814757,0.5648940655917757
3,94,0.4204651329956971,0.633922066975855,0.7325664777757217,0.2397217232840521
4,0,0.5862940908158507,0.4280768256332121,0.46342774940985026,0.09822702066627112
4,6,0.5615453790481006,0.4197568726466444,0.286235580711709,0.24531689810410678
4,7,0.5221385275709828,0.9370239225151012,0.8476087129502805,0.31870224624296417
4,8,0.3156896315241522,0.546729840874283,0.6423137114317239,0.15321441830600735
4,10,0.5098456272302776,0.4653289377802963,0.36362794904161666,0.28283996228559827
4,11,0.13728406239563162,0.9005857483970813,0.7495437079051854,0.6101972146514023
4,12,0.16503111455640462,0.30155122942281304,0.30009721363652153,0.16325696728518854
4,13,0.5217174548300838,0.26973346784727525,0.29604164636173746,0.4337456990154867
4,16,0.11823599133042462,0.20161495381621114,0.249769329936406,0.6321099866572104
4,18,0.6571142577051441,0.7667091488326074,0.7376591923217384,0.30008235447243947
4,19,0.4570249564096208,0.6911310463717751,0.6435786457136492,0.2801634953725927
4,21,0.9618269450104154,0.23453791380481961,0.3732180969040105,0.38385111790024057
4,24,0.8191893452505459,0.5365968027162485,0.635169729508884,0.5072405075946623
4,25,0.040023824856347034,0.2695106997885678,0.24464742026311445,0.6875365937236473
4,31,0.07994202461158639,0.04826090264379735,0.2064646785256812,0.03361931945526614
4,33,0.015611454500468858,0.8674741250089958,0.7330190455229528,0.6023198635892129
4,34,0.22634061276424844,0.18930492154571552,0.21889485101079878,0.1332753645021574
4,36,0.33461484561754884,0.9267409229453245,0.9005561922235302,0.3158136413303868
4,37,0.48248062163453365,0.4732569687443906,0.597479270196115,0.3273554882013655
4,45,0.8421969992691004,0.15813454704532393,0.11936692575146594,0.1418336923881524
4,54,0.7892815520816008,0.25176207705246745,0.34301376493828994,0.7180335247356736
4,55,0.21877085274006502,0.04191552439130118,0.1696175809976851,0.15710914913999272
4,70,0.4128561574938463,0.6753841618606958,0.6327743188897407,0.6498742335982344
4,72,0.02009496184370252,0.3558521785917623,0.2750290985724087,0.6465375212397552
4,74,0.0463584233329446,0.46732814313650706,0.37812675584991795,0.3004792501357632
4,91,0.29886658795180754,0.09965517868853531,0.20815729430515117,0.584116352628813
5,0,0.6551878036535368,0.4057523243290542,0.5978308845171241,0.6964033708644475
5,6,0.6562171586846791,0.029394282184938537,0.1318893855359468,0.44969915378667025
5,8,0.33634388553794436,0.47160210858880963,0.4805769702904145,0.648639557867187
5,9,0.5814402059456153,0.45292356079970764,0.6302173770026563,0.6258782492145524
5,13,0.07649114360069642,0.33501856238523614,0.4053635762796278,0.10927904643988377
5,16,0.8168212510127695,0.7834851514190282,0.5621740230970319,0.10327867798818398
5,17,0.21066087109221943,0.8170278645794448,0.8349094292710423,0.634148888920473
5,39,0.5534286103516202,0.8491804391134974,0.7704417013615897,0.47458779988125865
5,40,0.985086934640808,0.3309200851303662,0.4800611901540136,0.6807193034497439
5,59,0.1797744685943945,0.8877937610537046,0.6706581356875642,0.546559105973281
5,63,0.057374397419660106,0.8546068740232126,0.6246438981405394,0.13950649282914862
5,67,0.6709221746309495,0.027984660830299636,0.10458723418752744,0.7066667724934832
5,71,0.5634464645798072,0.704773051790411,0.5111387674345996,0.423825577579071
5,73,0.6083625608892207,0.7112062724740217,0.676240895938688,0.21968136471424038
5,89,0.8729084532472305,0.34854632529916685,0.3734739045182867,0.1722196329449746
6,0,0.996875544321261,0.5046499680690277,0.6766971539543701,0.3360327770560023
6,1,0.9803996374252154,0.8700329121774596,0.8582299936911143,0.3806113269353121
6,2,0.0,0.15963095426834178,0.27682860256835295,0.5408127975598778
6,4,0.8505011986640167,0.3787987553879725,0.3325996981224248,0.31199097820836874
6,5,0.2716144789110353,0.4922865771081431,0.4095722251900846,0.6001393745849264
6,7,0.9999391536840376,0.31409742594844053,0.5279922708875712,0.535041585471135
6,9,0.38255543048790974,0.4941617158219874,0.49164318010649155,0.20843665851095144
6,10,0.47541301028902605,0.8142044295253689,0.7450335948936858,0.472198576154118
6,12,0.5398732920536748,0.6214362075128891,0.4660252125615289,0.3006037467456658
6,13,0.759815555034292,0.4246273657081609,0.48339966035187754,0.11824202601521847
6,14,0.533530467787034,0.424849140157027,0.5307136971409522,0.2701359470942571
6,20,0.7551981830188474,0.782796100769698,0.7660702922693072,0.28108593964909406
6,21,0.524241587241335,0.8541362327479314,0.6591166418231754,0.2875507923867489
6,25,0.2860237382388695,0.4450008345691091,0.3715673436228375,0.2397561269565159
6,34,0.2754138096973979,0.5265778353202922,0.569295498748769,0.08550831322140058
6,35,0.17138924290264668,0.7672805030197913,0.8046792070145236,0.0562219740164917
6,36,0.016734909661262343,0.20577872778383388,0.265189425190918,0.19052807877300745
6,40,0.29720317908059946,0.6312275285583309,0.6792972607732636,0.07644087989539038
6,41,0.5369303918231841,0.015404476925727465,0.25912414119280547,0.4671922289975218
6,43,0.9752793282453861,0.8356316496569234,0.889477581968395,0.8673353189625491
6,46,0.4294517619530134,0.8486021339672982,0.6883907896393124,0.4688572840049595
6,51,0.24922770293041807,0.5244009618707587,0.5802746094119554,0.6477120681997081
6,52,0.5565009163833126,0.7731163827358959,0.7008525074230925,0.3814151564222611
6,53,0.33681831241719473,0.540946371555643,0.5727337752231846,0.30777717042135094
6,65,0.27008001538654003,0.8464816737250479,0.7344181714019287,0.6710337010508515
6,69,0.6773252568375709,0.10087818094039869,0.39505064141139634,0.4676881951870117
6,82,0.36238037236107734,0.6523700849736039,0.6270189763999893,0.23654701698544026
6,83,0.9348363101184929,0.10355098409669002,0.17858675734952534,0.5475472609273382
6,95,0.5775882354566311,0.6798125050189038,0.5352590071502263,0.587638422994805
7,0,0.6061455205947055,0.8773738766482172,0.7848509484558636,0.44692716249569286
7,1,0.7249225362879668,0.15935226794407145,0.22564525839592467,0.0338633312256324
7,2,0.1771772275589384,0.21178766918793449,0.2518356410969521,0.03548166618555171
7,4,0.9078160745123072,0.6929998240612723,0.547478170706478,0.5448111506174773
7,6,0.13090426116189646,0.33203576444496574,0.3511463426638225,0.49758044504280413
7,8,0.6865336388549865,0.8192070405185712,0.7835245275868661,0.4955614931078423
7,9,0.7731525917807698,0.6390040997368553,0.7073027111482635,0.20766947447635492
7,10,0.9968565145599396,0.8212560486244275,0.6789498103039259,0.5508045269075031
7,12,0.01944289561502499,0.5153548803432485,0.5361323510751473,0.3079059802220055
7,13,0.7491631290415461,0.34114068026144445,0.324467974721985,0.11155314600268887
7,15,0.04147167405555108,0.0820690767899534,0.19048464602070755,0.16394057320998418
7,17,0.699023755789834,0.7407511690953348,0.5795996298731079,0.16771329619535835
7,18,0.8614953945974458,0.8049657324713518,0.7216039694060239,0.341750123084807
7,20,0.7125975900574191,0.18647043046173592,0.39468670159953595,0.7236364096455907
8,0,0.3733054581588756,0.4464735755427055,0.5374687042385446,0.6489240281977111
8,1,0.34575129024428364,0.22297340515353242,0.2949820812130898,0.31707774156235263
8,4,0.07693454760748486,0.5278671460342892,0.48373270606982693,0.2575130822540368
8,5,0.5867186886993853,0.8348458642367246,0.683598673672524,0.1675216367486711
8,7,0.11388244846683693,0.15750026366298292,0.3862116539907017,0.64021103916337
8,9,0.2852789456537388,0.33740968005027355,0.4733747330363962,0.03912653542803102
8,10,0.2837116717399466,0.615648902530109,0.4379045235860728,0.03293295144738138
8,11,0.9641375675437257,0.8828354218736655,0.664813424359005,0.48915342889377417
8,17,0.8361516107398159,0.8311422619663843,0.865206471702481,0.357579468743964
8,24,0.0680430033684295,0.308018306307905,0.32161991819512864,0.3041584493275516
8,30,0.14975202947910615,0.09414281569488375,0.3925558999534853,0.02740932776115497
8,32,0.9776895301689636,0.3317514838883418,0.23453110970234797,0.48269598861589486
8,37,0.02760873225571925,0.6424177697346563,0.6668401298214124,0.494608062614496
8,42,0.5140636159758512,0.776555772604221,0.8054744792837168,0.7283838693603393
8,44,0.18200406176945405,0.5309178410084173,0.6071982259672747,0.12991930672968896
8,45,0.5562531532970937,0.47900544001015083,0.48327236455808537,0.043830268050037514
8,49,0.5059490179255643,0.7720880388044988,0.5570076815771174,0.6041776450447987
8,73,0.5554049991819583,0.055957031918011414,0.11729151559100963,0.5942159918338958
8,74,0.8679239738405158,0.8649539924869015,0.6230445207742501,0.6079963479072895
8,81,0.5523419378834256,0.6722962491035621,0.7683310729066547,0.6845752948831144
8,86,0.8160487798430509,0.6257744425150037,0.43941998270184546,0.4075414337483824
8,91,0.907417305797075,0.6634182868704974,0.7956539542511244,0.2886989890243445
9,0,0.812986195104994,0.3815970902285359,0.5845217259022566,0.668857990417117
9,5,0.4762556511233641,0.5224014631067908,0.3953832922562389,0.6086649619474302
9,6,0.8877197744657895,0.5783925285232852,0.6003165135138315,0.11119826151122908
9,7,0.5504059332212164,0.8015669062770948,0.6127884553620705,0.43400297599807997
9,8,0.47939034942094494,0.6454937988231403,0.548665174029638,0.41247158250341853
9,11,0.04159931175014864,0.47117419012269945,0.6341730972799551,0.09140875287482353
9,16,0.8320702399858092,0.39882068509507695,0.3197842845216896,0.15114699771640716
9,19,0.3269114879254057,0.08996447010291805,0.1705154497384483,0.505839987489205
9,21,0.2703786516596818,0.5516488207725516,0.5528902951360102,0.65433233370753
9,24,0.8876612486628034,0.7624772497098591,0.8070237092600505,0.4688679755854283
9,28,0.7998634812279359,0.03767463698638023,0.04510569783800425,0.6112108122596096
9,30,0.10346948044622173,0.723678074857175,0.8085588839600616,0.028149063689056893
9,50,0.4748241291592805,0.405895496482058,0.36894047176874833,0.28516326304104594
9,63,0.48216339965273536,0.7435617819378233,0.8356263899697678,0.5590682729777674
9,69,0.7791435923946118,0.6297451570996025,0.5693400735381535,0.5091621226688412
9,81,0.8596689734324061,0.7466484953730342,0.7829009543309503,0.26257982502510857
9,85,0.9490252588647854,0.35668436511405566,0.5617147449391694,0.8479524827198681
9,88,0.7606082467668427,0.6312587789063838,0.5356420303531287,0.41499328668824487
10,0,0.2870202574055368,0.5313517740468965,0.6133298601159527,0.15423737583128744
10,4,0.5009824951011403,0.84773083668692,0.8386253362199376,0.3394022749676912
10,6,0.8264709348128099,0.45988259527613745,0.5845298257377517,0.34065239448079987
10,7,0.44422478688701383,0.19470468881246256,0.38093305497938573,0.31743086883507565
10,8,0.19398535251925275,0.04589636597668834,0.2952860258613592,0.35217547603198684
10,11,0.3835639343493612,0.08252433545009948,0.22598167214324344,0.410091475369426
10,12,0.8604136999169758,0.9242127288446222,0.7678339939622435,0.6909819276006259
10,17,0.8147202438744111,0.6247614693908289,0.7505977955870503,0.38632145032027393
10,20,0.16519876359926322,0.5495314146140393,0.4059306456752048,0.17426340218444247
10,23,0.4554327941137707,0.3671504243596353,0.28434364611665836,0.3228953173236104
10,27,0.2893323198051586,0.04607409188921139,0.03497684712811897,0.044613152692176763
10,36,0.09982974603326422,0.6497144324396494,0.4969792453304734,0.019418882684675925
10,42,0.4753364790020119,0.2862317684482182,0.34538012072995583,0.06740652034107343
10,52,0.8676515909729114,0.15180967770983145,0.22224558841482048,0.6465142203762604
10,59,0.7683706783180231,0.4113094923137609,0.4927724090245641,0.20004922613916595
10,64,0.7407129898849643,0.8255455906776487,0.7176432467371349,0.5891683237889237
10,76,0.9366464472110185,0.9798871319376419,0.7839688081008892,0.8286236728721595
10,85,0.5003985819509218,0.13447299397952966,0.10077374801959384,0.6125347603183077
10,95,0.16496647163185796,0.24771271412908935,0.32548514392984873,0.03959340452154832
11,2,0.09615422468534351,0.5664610457809938,0.6036516951259673,0.3734088442842238
11,4,1.0,0.9068433060663508,0.6397515823479909,0.9910678968730314
11,8,0.6205644990359436,0.4018166953193519,0.5094642465161243,0.577510099494737
11,9,0.5935562042698872,0.9053630637078512,0.840830343224426,0.613306511558754
11,10,0.916833558253444,0.5874618427461871,0.7244943568765054,0.7215868348108199
11,14,0.7824782482570812,0.6393858842186239,0.5563569832124071,0.4716914436377551
11,15,0.9313031790564547,0.9369452348533776,0.7999283192701606,0.37785298703180126
11,18,0.8465942790362933,0.06344080471731216,0.26883680565617396,0.288334253582334
11,23,0.5303361794259501,0.12500098047958455,0.3633741718069331,0.5812849923988141
11,24,0.8567081958341174,0.4870922930566364,0.49732260177352094,0.6188053173629114
11,25,0.6387218941178119,0.14041578071879202,0.3073312893154723,0.21719883709688115
11,26,0.4829645689793015,0.8947890309744171,0.712369917774776,0.5965443705798605
11,27,0.4556741167971359,0.5229907876134651,0.6684610194414575,0.648779047377312
11,29,0.6000684541931751,0.22308017246291875,0.24247741085671137,0.16445593478415407
11,32,0.3904627279180377,0.8196573907882685,0.7713509650958975,0.2653449368473166
11,34,0.5351486135897958,0.6610987521820145,0.6719044390124876,0.12169841240057491
11,37,0.4815175212354047,0.12025323976022062,0.19814926011874767,0.18742648086969876
11,39,0.668819744619995,0.5057362693357453,0.35380241238656895,0.23666755884000262
11,41,0.7720478856101778,0.48087377553760585,0.4554885228795641,0.6645722191940004
11,42,0.967375049346803,0.0991209599943324,0.2393184158100612,0.7735149721230709
11,47,0.3903421724135534,0.6362932678594946,0.595528089423543,0.0835499976167241
11,56,0.9512505655230689,0.4575800979037571,0.5741095470295148,0.8496055991379617
11,57,0.026665409666714157,0.11460703126312076,0.28050144739042676,0.4909383955987931
11,64,0.03554848260056209,0.9082029274360534,0.7807118059010443,0.3546053330333091
11,69,0.8147825887780833,0.7922575822505344,0.7158636143510124,0.6996789884215814
11,70,0.041202480063468494,0.4693178072344811,0.657362654046515,0.2980942754072337
11,76,0.4470509573773852,0.9335057512069174,0.7685030386184155,0.10082989829361202
11,77,0.35725878421971347,0.42513151542104627,0.44910299152868016,0.6052410710686407
12,1,0.8345727483382758,0.4455233765376235,0.5037872521677352,0.5716972306056953
12,4,0.2824395975711911,0.004158788137183834,0.017095092561855263,0.6364861802996636
12,6,0.4847835541724096,0.1518100612030623,0.2898326324058089,0.10564684966328382
12,7,0.9129550100929554,0.8486236814483462,0.9178962570662592,0.7511412949726013
12,10,0.9129125638780542,0.11021320991607428,0.28314432454887783,0.5448955560901646
12,16,0.5523804035021032,0.4838857330489982,0.6433462823086759,0.29334424791310165
12,25,0.634760235540724,0.49043885404591187,0.645761512855848,0.46867625573001775
12,31,0.4226558346280901,0.1929501767798464,0.2877753180941882,0.2629308712635331
12,33,0.46902992253371245,0.2265093412791538,0.3546665555655114,0.2458347696423314
12,44,0.8666242714047134,0.5111481078851067,0.40888436471945,0.626929189397226
12,51,0.27274309891730464,0.7425653779706481,0.6651890643780403,0.25858258689857533
12,52,0.5641656398192694,0.03188870443681577,0.09050675903279355,0.17830440849111584
13,3,0.9419714121633275,0.3168067890066728,0.2701508392974829,0.23198547491921281
13,4,0.3685703838248332,0.30157965058131275,0.3981690665033773,0.6073989366260644
13,5,0.09761850661627702,0.8098912056222962,0.6428775424174934,0.2467060537637058
13,6,0.21076916695222792,0.42530719373879716,0.48855633920956865,0.45000813948453955
13,7,0.2794599963277413,0.3919964777455727,0.6056905605536912,0.2975001799242904
13,15,0.714954899836385,0.766263785261912,0.8224574353945542,0.19122080712339015
13,22,0.16873039141519253,0.6729592192607511,0.6787928095316424,0.5162745952784126
13,29,0.2898193495038326,0.5810307859819872,0.47972151358557713,0.4499120417522508
13,48,0.8704453798168401,0.3441911780880779,0.2354137177390846,0.10373406399113236
13,77,0.17382740376527184,0.8839862591328262,0.7133763363521143,0.10942929765754494
13,92,0.46359145388829304,0.30420548543480325,0.24168531907561372,0.41821185276776646
14,0,0.12283401884867018,0.3644502355196474,0.3943119600981464,0.6142800297646288
14,1,0.3967391646747187,0.9193798777072286,0.6968620376454941,0.20345890783031761
14,3,0.9236158402908431,0.7485309815917282,0.5791975330741285,0.7217472225181554
14,6,0.4169528474558818,0.7749952976578839,0.7832756851042239,0.37959554093954695
14,11,0.9036439542905917,0.8636930720804528,0.810737338131179,0.5680792194570846
14,20,0.8950472853612598,0.2728044965612674,0.5215416346465098,0.15336167468520012
14,23,0.2032226308153119,0.7444546322501451,0.6099975911198627,0.22691574053245764
14,27,0.8080136214001155,0.8718592552588403,0.8389603788331472,0.16422111653091193
14,30,0.8765976012866024,0.7568311339691468,0.651281828845754,0.35189797956205476
14,36,0.219196137895888,0.46125019761112207,0.5269046958837443,0.060337713949578035
14,38,0.6265071327179454,0.4861375127449226,0.4070444692930906,0.5459035302821105
14,50,0.5241112366706677,0.2633237288632319,0.19692481691730362,0.7266149821205131
14,52,0.9649832888323013,0.2831041826431342,0.5100279454878127,0.8352144672906877
14,55,0.28638828774938174,0.8020931902718763,0.6308915802140632,0.2846558435123866
14,58,0.5655788883486756,0.76143822217915,0.5753707742466906,0.0816528731672872
14,66,0.646625356426101,0.925034369683625,0.9672446457818429,0.3674607960500918
14,68,0.7727871305488485,0.0364645741419789,0.08852281123723951,0.5601779797423502
14,86,0.5493165798369158,0.22920080104234788,0.24922589819693192,0.6438166441126414
14,97,0.5523619975189213,0.6196424023274306,0.5342030072694203,0.6181376857558294
14,98,0.2480160716412556,0.6473494612824241,0.5846854031045905,0.09280227585846465
15,2,0.004264009933879875,0.7657714060776252,0.6692599255911175,0.1725820319268641
15,3,0.6002598399111974,0.6240252190624582,0.7519962373018199,0.6804890567504716
15,7,0.36648229018943157,0.6416575058703834,0.5110966959553995,0.1849742888875577
15,11,0.4856760357391706,0.45698777850369915,0.4373622969452191,0.6220390035886905
15,13,0.9012557519951016,0.7973199749078325,0.8198419746703528,0.4006311331211406
15,20,0.0007671561898520141,0.2073281604505206,0.14367040243572307,0.3589569780296662
15,50,0.7256391149827722,0.8392561672277384,0.6567201653186777,0.05994502583892877
15,83,0.04698861590759418,0.831796645911007,0.9107359205754469,0.4100574337622714
15,84,0.6544328330565481,0.5232276951769522,0.4745107794746635,0.1807058681199907
15,95,0.6677292993287718,0.7206104666106949,0.6907257076763113,0.13644708150352927
16,0,0.9052629126259826,0.2191210891135811,0.3890137528760607,0.4991850809202858
16,4,0.6274952998954627,0.1276317086827513,0.22856604299629757,0.5794918255106998
16,5,0.1022792949840341,0.9060549069695947,0.8927969763712822,0.5330263732961399
16,9,0.4924661602817392,0.6655022491630523,0.4812291258685367,0.4380189872107803
16,12,0.8865498608684976,0.51442061950487,0.4415545005369208,0.6447786369796169
16,18,0.3050396525836452,0.5777942286850596,0.663574138908835,0.2653198374547164
16,23,0.5335683662110622,0.8275408617542264,0.8792072239982573,0.3630567186685236
16,25,0.9511181186390417,0.14783862273339693,0.38447728796335434,0.2471653810728557
16,26,0.8916533980573254,0.5384408069402694,0.4992124638951404,0.30490837412366334
16,30,0.4733693663473576,0.2584871982436113,0.20842541479257784,0.15535207921202976
16,36,0.6642500406669423,0.4992594308958883,0.39598474032403547,0.7054121955228125
16,39,0.35575739970508424,0.028914212128168092,0.01577202492787034,0.5202930616362248
16,43,0.6994549908709139,0.3478206662519063,0.48273707857971215,0.7173621102650011
16,45,0.8309891895880676,0.11270309881348246,0.2861054293487475,0.5315328346496829
16,49,0.6632859432862979,0.6621724726357523,0.7347855333921076,0.5122829278194464
16,50,0.45820019204795526,0.1490472460405829,0.34076695990353395,0.46639954602593087
16,60,0.0855104484813336,0.30034796861610713,0.4116523858731997,0.6174994504339526
16,61,0.12172276662502846,0.8295963668643589,0.9065825961186069,0.4953141586559114
16,62,0.14303573928795354,0.29207143840327476,0.22940553656739143,0.5089739516860359
16,65,0.8443840614473295,0.13958774580541916,0.2648872074951373,0.42537684220755745
16,67,0.11582876705493494,0.20478451026316144,0.24387350278089476,0.6100015038831965
16,77,0.677388502715015,0.008951189020523474,0.1743762067855639,0.5155058423864181
17,2,0.5228825862770166,0.05304104721588684,0.34585730246394497,0.32736701638697513
17,5,0.8457988021553565,0.7759228354327123,0.5994548120328743,0.7161102420781519
17,7,0.8430318556008793,0.4931601759689445,0.44036729592039975,0.29106313516643434
17,8,0.9021484418132962,0.7345837681088776,0.8547453014657563,0.21138315270022176
17,10,0.5349705725282474,0.12314090513395544,0.38017168621421876,0.14741782133935225
17,18,0.15533609747184618,0.17503036139449868,0.4093280663933046,0.5637110426007245
17,26,0.468509415790885,0.7838367706097561,0.8642153852417169,0.6912933683443729
17,29,0.9966434169663699,0.5880659022733135,0.6597939763455614,0.3590193959021356
17,44,0.600578890610697,0.3024919615765077,0.541890591269557,0.04654729351799296
17,46,0.9148020234931862,0.6918988581699203,0.8207819886768548,0.73926669244299
17,55,0.8852364683172445,0.7292137809820332,0.7002009399686263,0.25801003989123
17,59,0.684791590509154,0.26400693038075224,0.503646080632549,0.44392982499313016
17,66,0.3108459315078731,0.5712428102504479,0.40911611740937304,0.4179494299046333
17,75,0.12105395144801112,0.5991662935002283,0.4739673228827222,0.3156634862383097
17,90,0.1796928317755596,0.7890396930704158,0.5943089581888775,0.645804136463946
18,4,0.23130150156606533,0.24255726224181937,0.41522082465361226,0.2300637059575752
18,7,0.21278315885902344,0.5139931366320852,0.47592374328014,0.6598862593472904
18,11,0.3904507927855424,0.2633900675006535,0.24551054163072616,0.5948659331388367
18,16,0.024855514777905263,0.707392493186712,0.6838765973121179,0.3480075339620554
18,17,0.1364241856349323,0.2659285147022768,0.3931963013342699,0.6228103200988769
18,19,0.9776423830394584,0.5648498987107501,0.6492121023258726,0.4491301823901009
18,21,0.10581591727217543,0.40810008230494255,0.4034891331353889,0.5470253888406503
18,26,0.9911144399726147,0.9176121398551119,0.910940994340959,0.9957624907880303
18,27,0.29499929647775913,0.8997732020419416,0.6487081588880803,0.5179389195655449
18,34,0.464711237392855,0.7938420675461936,0.6245125892662416,0.36629965332696324
18,42,0.8280557374613954,0.460825466407538,0.595527572445675,0.6797522391268358
18,43,0.06973774021501444,0.9311504877384893,0.7799640125092232,0.4637914511742405
18,44,0.31761233225606167,0.4231094704112051,0.47906667204319026,0.1512009240618428
18,49,0.9484095357987623,0.39103078799418145,0.541739367392963,0.6446136295015146
18,63,0.20802258158939246,0.24356619314400682,0.4017916164562248,0.6683022442944918
18,64,0.9148166433783784,0.6040801653398745,0.5956522104933681,0.7356383437351142
18,93,0.05256826249083979,0.6778230970487278,0.7662663302151765,0.3485861647150438
19,0,0.5710123288297898,0.4376017774317831,0.388506452672232,0.45702221772191537
19,3,0.7637623588872979,0.6382606161694918,0.7520973683510779,0.13123112462667086
19,4,0.8588544502322674,0.2580410159376989,0.29634093920546645,0.15556149188365595
19,9,0.5684003187971047,0.6936913170088677,0.738307905526643,0.2599757530406285
19,18,0.08382217769353362,0.3611592915031428,0.40806925335365335,0.5963557642032304
19,22,0.3701953781685905,0.11815066584603022,0.28310197616466626,0.052362388023629726
19,23,0.023355624811351228,0.8882183082944524,0.9197693718321918,0.6232201500931263
19,64,0.5065022143208502,0.10106208065912488,0.25015311672988333,0.7197932749376167
19,75,0.02415365687401483,0.13433358171461227,0.08834633878896153,0.5074558428461279
19,97,0.9126526823834287,0.08734981957132693,0.277619784147182,0.6006595750138405
20,6,0.6870270144567818,0.951301333725237,0.6770383851866385,0.1710138676915641
20,7,0.4307058080657391,0.3324162467932546,0.41899282218125206,0.06338435495903258
20,10,0.6415535818365663,0.08824211141327988,0.32111148029718645,0.6151238761819555
20,14,0.917069836475637,0.06348047831590745,0.11341714277127667,0.6404749166071079
20,15,0.8561656557697078,0.9019397331843343,0.7054619589023063,0.33192243821992673
20,31,0.9957738133681882,0.7835694942175093,0.64133568987061,0.43210555875438555
20,40,0.8631852557878442,0.21335324598678146,0.4431786102312093,0.35256242388721765
20,45,0.889442712250396,0.7143481115315438,0.4995597911784718,0.5857424981973497
20,47,0.8510429809118458,0.8903078751937556,0.8954511247170535,0.5491977811461629
20,63,0.04636866560469399,0.41804786008994593,0.6107262068739254,0.5858680511684554
20,77,0.12176502837080494,0.5533639150035634,0.4354134883699818,0.030286597849891215
20,91,0.10963571399286065,0.3511984068296349,0.24000494574160688,0.519183112335077
20,96,0.7917258082103229,0.11769593549101413,0.26083789299461824,0.5742020551302512
21,0,0.6822209386197177,0.8141785314835086,0.7207583292516766,0.08846039885889835
21,4,0.12067518576419778,0.7288197615503504,0.6553555145880586,0.5433066738502392
21,6,0.2796876487604846,0.31724552671087225,0.336108296195616,0.4078120028152054
21,9,0.5933927721959494,0.2526093616460324,0.44741243330854097,0.1310694931583892
21,18,0.5652708395713253,0.5038610982448084,0.5752274250596404,0.27504652762029086
21,22,0.8678151109805358,0.05866093062150402,0.3514984524935163,0.7557478161983926
21,32,0.9868840764122777,0.8379091873587512,0.6480878789653991,0.4757671505954356
21,33,0.5584902183336828,0.17746042254934266,0.19973175524952871,0.4782972490433266
21,38,0.5298736986871927,0.04813557112785693,0.1608626749105758,0.28210356215938914
21,53,0.5930286211584483,0.5833269214335028,0.44019076315833583,0.4867179772434398
21,54,0.3473357541196689,0.18358488438924556,0.40503084802336314,0.6576430855443247
21,59,0.4439524014131222,0.7963222762919265,0.6129013857568446,0.35140868644574597
21,78,0.5503484074665786,0.11752109568965617,0.27521298485723533,0.21833506378900436
21,79,0.7577351230780376,0.053365413182384205,0.12981688606884983,0.6854092103552342
21,80,0.34337026030677,0.22692111070682477,0.2945774191549381,0.6927717263322599
21,87,0.11299076003720598,0.7551314092646246,0.6237054551984852,0.39023899607066403
21,90,0.5742706452330328,0.018804183428831386,0.1248131582301186,0.20490598059553233
21,91,0.947884343547147,0.9038990942674013,0.74628338811578,0.483758908875829
22,1,0.7142020284913672,0.1051926296392223,0.22012263897818415,0.2835162901592056
22,3,0.08143687599280358,0.301779695561154,0.2748650138171021,0.17278802964719317
22,13,0.5295589401788747,0.6284555735982577,0.6492330796792535,0.6038025781980643
22,19,0.8289708790600901,0.378211618404223,0.4843563868088473,0.24094225036883524
22,21,0.38412890228865715,0.37544413316108144,0.33781917699919406,0.5299909770734544
22,28,0.09405815243129623,0.5632093462334861,0.503020850144698,0.5631476431578644
22,82,0.667747190426438,0.5628191798448738,0.6970056286305778,0.5313608872856849
22,84,0.11820711818944363,0.7418155950196036,0.715784959457842,0.24278223704014518
22,94,0.4923252677909049,0.8717950339982411,0.7219176414886979,0.5794590561873166
23,10,0.457869425185062,0.19694608388450593,0.13586227106814855,0.02770138956380618
23,11,0.8708018045300123,0.4024551361059296,0.32954382714091085,0.12040941014452274
23,14,0.3165474435119532,0.9405036516398052,0.7605412458067347,0.6853070296886901
23,16,0.6547922369635342,0.3006505516342143,0.4469910952750693,0.5130636760658606
23,19,0.08692574174617407,0.15963933824860102,0.15075386684153397,0.31221082928950583
23,24,0.2157551690451086,0.6716989469475866,0.6892633534917458,0.6108089763968317
23,37,0.17026127379080713,0.1914371193150996,0.3876452842125549,0.2640456647741627
23,40,0.1886588821629529,0.5260471963952341,0.6567850309542723,0.20862861042969136
23,51,0.8661126163358146,0.029653120252170113,0.008837023266647055,0.46508542527799746
23,74,0.9424144974636296,0.41565288409172213,0.5982938451185458,0.4669031127560402
23,81,0.4558505461815544,0.3107255301417874,0.31352803293275716,0.6877034942255813
23,97,0.6371264608247798,0.3034690043121512,0.40733101985354014,0.1424269879967422
24,4,0.6566996754189334,0.4491639864359428,0.5131325877354345,0.04354409658351845
24,8,0.7773450044171321,0.6628429143413288,0.7953648504655911,0.484501301050245
24,9,0.04433821165676022,0.7274513246780578,0.5928479554802883,0.3624005505762461
24,11,0.8402385538286108,0.7313099992324006,0.5634644673894768,0.6837912333320972
24,23,0.6986100683641456,0.5359575691216436,0.48897812206803454,0.23246267947806898
24,33,0.8014456299431398,0.10630240340767556,0.14533774193492366,0.3882771702911354
24,35,0.483634361691078,0.8608656778402141,0.6893924670951046,0.718740028632815
24,45,0.19533501269214582,0.8374351920918905,0.6095647429653563,0.6015144944458088
24,46,0.6040261294834002,0.25387799222503765,0.46580772889241984,0.2827317659380713
24,57,0.6850735363336866,0.7027932373655098,0.6778459478884475,0.5295712869613871
24,58,0.21354942511711084,0.678755711367327,0.5709068101443056,0.2926485431082561
24,60,0.9955922486231772,0.5619375978296196,0.44211918158960417,1.0
24,61,0.9879303674469386,0.7319505620681286,0.6683142608360527,0.826771176483831
24,72,0.6469618519634375,0.37838326321405125,0.2573986669674601,0.7220204898971178
24,78,0.9336790523810337,0.1059318992733725,0.39957318633225675,0.2456490648822803
24,89,0.4031176611999687,0.8287322085177175,0.85313826716477,0.43520554838089226
24,96,0.45521300753073524,0.5871856293667863,0.5072118665570683,0.3230424960148683
25,4,0.6610240071788442,0.8217770110894619,0.6804498538003787,0.45125097389045815
25,6,0.4580035173609184,0.769406762271427,0.5573295708859961,0.031078259118913713
25,11,0.8967654501436083,0.27228586380260694,0.44754682441672516,0.45149754729234803
25,12,0.24852350149715652,0.2156280228774707,0.26270999468582346,0.3084130697777969
25,16,0.7693738041764988,0.15492008950622435,0.22235294860831303,0.1932159633308324
25,57,0.03427208896296341,0.28651626645790457,0.5010334734836747,0.6773762488256596
25,85,0.9285112039452003,0.512382897820259,0.6413265438850765,0.2706712004171119
25,88,0.8391099368732007,0.5814277228763561,0.4121469378272753,0.6162181144860948
25,99,0.1966462840002997,0.16591977300913996,0.3509633975530732,0.5535535262169076
26,1,0.14809017015154313,0.46904822539951085,0.48981256512437826,0.07270766954038767
26,11,0.3611118601019354,0.9147509729263412,0.7777648966917619,0.16816621177652444
26,16,0.9385180469529667,0.24918385104733864,0.3896124846098693,0.35100499188260403
26,17,0.22660537769417066,0.6993446840872777,0.7899811846277546,0.15082886087089825
26,18,0.6195575543331198,0.18971712145009967,0.40997516359543307,0.6670207601466945
26,27,0.11764153547319134,0.7087443917254684,0.7319086554463012,0.4809217888779855
26,46,0.22702543056558866,0.2728714367882284,0.18895903429938135,0.44592186182233867
26,47,0.262196703174843,0.9424830430811519,1.0,0.23276813617797434
26,56,0.2263934747154659,0.7969598568515676,0.7280033722498557,0.44388422982105624
26,61,0.4362717554532659,0.7731463343636547,0.7936902833907634,0.08470229769464639
26,62,0.2562533583126194,0.5195726832233687,0.45655990354047987,0.30553135458048275
26,90,0.7689488357161751,0.04692799081851328,0.34033623676184077,0.06450734620774748
26,98,0.9432778176047455,0.2502061290237028,0.3254453616252209,0.2075142866365367
27,10,0.8719245808849465,0.5654405221997644,0.45314997186952205,0.11074935000448474
27,11,0.9699545284425755,0.8925335449922643,0.804046529968245,0.8089246436267535
27,14,0.3542244013864738,0.35898592687123715,0.3422171839606158,0.6584385744832261
27,18,0.6282589724716616,0.9535072095999888,0.8849635649145096,0.3272694972332543
27,26,0.7079200901319149,0.4760632877614319,0.4560719025008054,0.12247002898772584
27,31,0.033307116459684094,0.78598170316688,0.8607738832376528,0.062474784804245016
27,55,0.7021652042830312,0.7163419159858361,0.6205762093567058,0.42979976726399677
28,0,0.26778311578962,0.4613283948636849,0.5330991038507517,0.22105796594078717
28,1,0.6034438019231876,0.15938192376766033,0.3159890216564149,0.4887915827294543
28,3,0.6080247803652972,0.6101077250698915,0.4502434725667149,0.6366593599932558
28,9,0.1801221659729889,0.41742017927715747,0.31239346362113296,0.21637197638695527
28,22,0.1881483246544413,0.6585058656445976,0.7756186949582322,0.2876823395636908
28,29,0.3505908861564153,0.5133460024669225,0.44697201738586395,0.2779112326385913
28,57,0.719715148904891,0.439628180069856,0.6358962735729989,0.7343852733843536
28,89,0.821386075872131,0.16320170249019522,0.3244671304164995,0.46493454252893507
29,1,0.569846157366299,0.25442269623415703,0.1734308425338109,0.5856393929412324
29,11,0.8785225491781986,0.18887406644518173,0.39483798607981346,0.26374574964773834
29,13,0.627386035448984,0.8323483924815672,0.7302664472609626,0.47230570560723073
29,17,0.766814698453298,0.5442599834659613,0.5585286690742913,0.24025433223498718
29,28,0.7577058174523122,0.2814946260506019,0.4083267879735643,0.40438038437759743
29,58,0.15236230475943746,0.009921855822700743,0.08554479544256148,0.5535359393623163
29,68,0.9627001693757699,0.7952852583681749,0.8940947901880877,0.3404549394262908
29,79,0.23165266599262513,0.7333683900073489,0.6891015280999404,0.42565084332887315
30,1,0.9290342947064689,0.78019638605318,0.7377109360251988,0.22739664131772716
30,8,0.11496973519636566,0.04812961529738194,0.13472781275470558,0.0
30,9,0.3726174953070085,0.7613231994808283,0.5678140923246018,0.17858395127751675
30,14,0.34348436038562247,0.028327823091437065,0.2501019290118778,0.652922970898795
30,16,0.13500464262591405,0.04421534150478496,0.21097690134376512,0.576594146035659
30,49,0.1508024534331185,0.3387246104769048,0.2425535799873974,0.04691955204921175
30,51,0.275289445987944,0.2992585993281967,0.22590671557389216,0.08466196124028018
30,58,0.972168542736894,0.7712350349612869,0.709459732875628,0.8137473084619186
30,73,0.8679375228338131,0.8673860057635923,0.6695612986969318,0.7551589470608114
30,78,0.9740909471154601,0.36160516039975765,0.2806647253983263,0.6775446314329993
31,0,0.7304464952996729,0.704005846952991,0.7328397877669935,0.6601650744248059
31,4,0.18945981822828717,0.007508609881002039,0.2112482049558287,0.30944365836907756
31,12,0.9706549825082834,0.5356185865836851,0.41650798319329224,0.4794461750755858
31,20,0.6434640545287473,0.6436486291772185,0.6612956785098855,0.403762486302832
31,27,0.7108692678774364,0.2525299401209193,0.45964621386943566,0.3217706811277776
31,34,0.7640600480550586,0.1868084076358712,0.1854017283842479,0.05911133092576828
31,52,0.37612256470391325,0.14197209678393588,0.3387394362691816,0.5894274832207489
31,55,0.3961954464880413,0.8273255183460061,0.777851453492544,0.7125453012261312
31,72,0.757778877416988,0.39783937590971497,0.3843104367488592,0.5224292302361498
31,88,0.9140165197391745,0.14073868253866506,0.19311653145593222,0.2501185309787302
32,1,0.8953976194909139,0.4676123411895549,0.34755188536958,0.7273734902617238
32,2,0.12530658011444895,0.5254867835057061,0.5663853525311455,0.4310148409238209
32,8,0.3711914395102177,0.8080422659459668,0.7398052776470292,0.5960858927816821
32,11,0.5356574646015113,0.4164116374084334,0.5851406320253525,0.46255488174337367
32,21,0.8990760404723215,0.6854611902066531,0.5557067547554334,0.20578241625923832
32,35,0.10232475613030012,0.31640676370867615,0.523165711872095,0.3231476679574645
32,48,0.6040819962282067,0.8806834379639944,0.6351976312153227,0.6596932732746784
32,49,0.9140692789021236,0.48554101069056305,0.6019460646825654,0.6477802110075159
32,85,0.3548325733826264,0.7916717914286961,0.7804706874267887,0.36400676730240267
32,86,0.4373558295695338,0.053806278999304354,0.3012958824720893,0.2872276314687528
32,94,0.1016908848648238,0.6471909307865538,0.611540076849157,0.1772329089848117
32,95,0.4638746402688284,0.47415870792753806,0.42218585467233627,0.43062193929966613
32,96,0.6655043738872664,0.8900504526511567,0.7920916775383569,0.3240753849217845
33,2,0.2449664182586062,0.11259937721148802,0.3471429365793903,0.08699768736217965
33,4,0.9183194415083124,0.042902686521465776,0.0686792912426753,0.29449276365517973
33,12,0.07801436267341588,0.9128108399442703,0.7614648831914819,0.37257636627065677
33,21,0.32106202116659766,0.5711263141766107,0.6098426417524322,0.18033101416325834
33,24,0.4443087914475401,0.4358110473747311,0.42176168747871645,0.21301020747282756
33,38,0.9617708990453576,0.2652313404289268,0.5155205645869624,0.8335818708037663
33,43,0.8242521627866567,0.6616905091602698,0.7701229406072003,0.2381026131203201
33,66,0.15506418544476208,0.9458064404454315,0.7539225407399344,0.31557612190264095
33,67,0.4863464028443163,0.3357286034484619,0.493805319548422,0.5669707419623794
33,88,0.04958914411083415,0.3485867992216166,0.47280221793889443,0.014568551503328775
33,92,0.6737610698104721,0.46509941265737526,0.636702363103136,0.08228682746657745
34,4,0.5739208247642943,0.5026135285106208,0.4612337508117223,0.04136992042481138
34,6,0.34061581203483615,0.7004040523875738,0.6423595531754696,0.07901069309685962
34,11,0.5085452586587034,0.8573483088781801,0.8218325105592877,0.6876574086478953
34,18,0.9959653867925444,0.4295492965314584,0.4110223924041315,0.6691573450312868
34,31,0.05771059564242631,0.2241086388626983,0.3796524382358545,0.5216807010525368
34,35,0.42191563724797754,0.27105413293794334,0.20219309371859925,0.4536842623630132
34,40,0.028611148805453124,0.16486006311556595,0.33893263141873525,0.08531076790138523
34,62,0.885890029027873,0.2531960551108398,0.30803966219377765,0.6295010232238546
34,89,0.3838849363114837,0.8746266314351951,0.75441148515548,0.3517514182586169
35,32,0.11324038768950839,0.5929200073204123,0.6729568403121837,0.09152940802410042
35,1,0.7357129125778461,0.7988952060566425,0.7375494207059906,0.5156465521595885
35,34,0.8779164682507536,0.29957492697752286,0.2779478993015729,0.26397623933432396
35,6,0.530691233731591,0.12133625971663843,0.2849565379274264,0.4680674036001349
35,24,0.9549920907968674,0.0689596398948366,0.185546141722083,0.2245125122232363
35,50,0.7045856557946598,0.5680948431926984,0.6647090533544132,0.35073777992597077
35,56,0.6461843337826427,0.438819689468688,0.551278017119624,0.24929783772434655
35,58,0.44262178357786075,0.425156951796276,0.592754027979686,0.04075219222203956
35,68,0.3526100544651497,0.3654109554121975,0.3689679034680087,0.5352740561861103
35,71,0.83161533395532,0.5963070790936191,0.539612763190397,0.6340264585521147
35,78,0.19288824989546038,0.6957068820554281,0.5279197107642266,0.3614590910896399
35,79,0.9941107054239804,0.0995896141188761,0.3606927393855875,0.5347712737058319
36,4,0.4149603874149176,0.6832005311259874,0.8040522578974619,0.3847853270637786
36,6,0.6179560869053294,0.06166232481357053,0.3568732679639363,0.5848014941860814
36,10,0.0263849241436116,0.0035344319994141987,0.051005734690103596,0.6855267571083984
36,14,0.7840708156421994,0.33443483480047953,0.5096956143263177,0.07939492607793344
36,16,0.7978610899065767,0.2084738645337388,0.43498820111696934,0.6297798863756983
36,41,0.7628251549622989,0.2504093407873216,0.40205139767605746,0.3715214593209705
36,43,0.5196913822671353,0.38680973282694187,0.43233682478471547,0.6670416157867259
36,65,0.4956567889714041,0.48346866777674957,0.5733948099967564,0.6329152465738752
36,90,0.20554657510839192,0.04226763737205369,0.16408114937637858,0.5807801558986356
37,0,0.39958446408146664,0.3762021024159674,0.5248845353278019,0.49699825095410155
37,4,0.29985916446556826,0.889657688266929,0.6640754879784067,0.1645367690084534
37,8,0.6759401539106428,0.41294105846860935,0.5726052477741139,0.7463845151166582
37,11,0.8893110088634103,0.18408332356795243,0.442591465455398,0.7007361792139806
37,23,0.5748100365073137,0.34653034077304246,0.4360599914357493,0.7123777051510238
37,44,0.151050075851746,0.7861198310396605,0.8025450629270731,0.08996799393214627
37,47,0.4580821732155237,0.2175578165182276,0.439453271021922,0.5770440446577206
37,51,0.6228660984167418,0.01918063997060958,0.04234039388134729,0.46677160387143835
37,70,0.516282368701027,0.858471646682203,0.8537002413026943,0.5521308934143796
37,72,0.3729419130382865,0.2500715580208667,0.4472470463490906,0.006712818957218938
37,93,0.29540459971682187,0.4953686151034675,0.47095535576290093,0.11892976879113673
38,33,0.9505434200842938,0.9805719237753,0.7501689652561297,0.5104439994136094
38,1,0.9181406330441548,0.28544536293875283,0.20381317745944405,0.21686016712124034
38,3,0.816413696303696,0.912118293871374,0.8593591258285725,0.2512758065407105
38,14,0.93158905620265,0.8104967065657963,0.5714995720495035,0.7204482400032491
38,21,0.24595442868135298,0.020122607293520497,0.08281610189258182,0.6890970675145334
39,0,0.468492357161723,0.255359306216409,0.24136064939947224,0.5491253568802292
39,3,0.8250544050290429,0.6789846048057538,0.5980628439805616,0.5447755842551273
39,5,0.6631870493497343,0.6838560749901706,0.6128684170655486,0.15284215020796585
39,11,0.3728768791282643,0.868830242801619,0.7441637404510802,0.6562393437343047
39,16,0.0050529019711538226,0.3324922819557083,0.5265066075276458,0.28622294242153623
39,96,0.7371293272431363,0.5108377606065311,0.6417440718537849,0.7260453407885313
40,34,0.2824683901425117,0.25758828877538603,0.31531453130693127,0.5805571505563535
40,5,0.5576172164981748,0.3761775549875933,0.41827094723963326,0.2234559205763179
40,6,0.6207967417788802,0.7240867695914613,0.528712345036082,0.5598208590903686
40,20,0.6003749688813987,0.9173027387561984,0.7806971988305187,0.114457884041227
40,23,0.9198521125967837,0.14976732891990915,0.20323055781450577,0.48544065273267295
40,46,0.6477492190171286,0.44311502590245866,0.30877495330385785,0.38783698574159053
40,84,0.3708580832856152,0.8638450605061336,0.654604548577619,0.27730211842493696
41,0,0.5208306131185876,0.0478307207365023,0.0660958083606615,0.22950759369039553
41,2,0.8862574461067273,0.31842238698080905,0.4546085991338537,0.5324710990247732
41,36,0.7882941980461411,0.10937629361522368,0.10238970832882545,0.118320792069311
41,6,0.9021025982152827,0.7378328553456112,0.7140973424864279,0.5717789160756026
41,11,0.37087961806387126,0.5396438571251172,0.6951171642967338,0.28430988444026617
41,42,0.2657097627940497,0.5627072163300468,0.5660335419110771,0.04857490819874884
41,74,0.7261754098813381,0.07653678404773144,0.17134291595745402,0.6263684382012924
41,75,0.7253346884466398,0.06574486805985923,0.03169860726516012,0.09653734488174301
41,80,0.8655111700771869,0.7419296192604508,0.5518459327828324,0.41123613829517736
41,97,0.115083453292123,0.5400004610949961,0.6706667984473091,0.5368807505303357
42,8,0.8714035783688986,0.8808936994780424,0.6736432864244496,0.21529623202220147
42,41,0.7048291635019739,0.5194892246411176,0.48339034649216306,0.5862865801721762
42,10,0.136142029401206,0.49692367266901,0.36536726851308493,0.6467927427741658
42,11,0.6598154258790667,0.7676641473948737,0.5456233531329069,0.09420982148951758
42,18,0.306126697972511,0.8776345747106702,0.8790746590362825,0.2876450862117575
42,48,0.6221966434277036,0.6886729043577714,0.5366691841584107,0.5543516156869314
42,71,0.4140103888985952,0.43022473984268184,0.29412551278567994,0.12104041305769588
42,73,0.31435247133436883,0.8793721585310734,0.6911200515950552,0.2949521276856924
43,33,0.22160124648368373,0.3556147979860673,0.3421946162954396,0.6755905738233278
43,36,0.9639954620721898,0.9569528172443716,0.8506777405426135,0.5537385341622854
43,6,0.44444184960035793,0.8298462821282664,0.801291773898875,0.7070778657927849
43,16,0.6937772914808814,0.8656394550497541,0.9427716136807573,0.38655619011042514
43,18,0.02022065625156999,0.26784893324694153,0.1754651419068345,0.22912914434987997
44,37,0.474620681860469,0.32703914511389376,0.2761980335837592,0.32811899353212626
44,8,0.05320935117707981,0.39795107910402205,0.3877250239945709,0.6597598536430411
44,12,0.29869156952888576,0.004427991007934935,0.015331012226838164,0.4290681278433593
44,17,0.054673802729782506,0.06614514328945242,0.16568888666034418,0.4400442025587597
44,18,0.7156330486046475,0.8463120909778004,0.8387120548437544,0.5680979390076282
44,48,0.7809175399837543,0.18851154720677823,0.43774344355518563,0.4538763351238989
44,83,0.837199423158924,0.07502167387607768,0.33490090039230996,0.5225452083398746
45,4,0.3634599464042464,0.805901985290716,0.8316317697648931,0.1842014880973914
45,8,0.16944755252403076,0.8325750064754135,0.9115267255742655,0.5994220882749697
45,16,0.09198366599302699,0.45689424367612175,0.3730857010070266,0.15803223945701053
45,20,0.6611275990605328,0.781208210701446,0.8722326457962916,0.02823729418467949
45,24,0.5084617222853817,0.5736247235347303,0.6380200494355293,0.21486387697194007
45,54,0.01145605787841708,0.7394546136325391,0.5892456487165134,0.4540188907559912
46,6,0.5212343946466726,0.45916174251070785,0.4821014546559595,0.097354558350504
46,40,0.5133330250417327,0.28312980284581885,0.4948946049150018,0.04232333796971993
46,17,0.49264769313268253,0.4294661202946799,0.6147258213703458,0.48387862148961225
46,24,0.2814794355510777,0.9149633969660376,0.6872840213038349,0.6874157443667186
46,26,0.6311647252869326,0.21419957471827897,0.24286305358575422,0.09825857581422354
46,47,0.6129643951618633,0.581462956641224,0.42004356245855273,0.3953799604154661
46,68,0.6760879264605373,0.9549663299533653,0.6930227371342035,0.1012923093469712
46,73,0.49138294026228835,0.6067522119384253,0.5564489337444489,0.228878874352038
46,77,0.746415270131418,0.7865329768534829,0.608601755588035,0.4690628245326386
46,78,0.38367189647776234,0.7437697461779336,0.8313048113079081,0.6639207096187657
47,37,0.26148301511371286,0.337827107695162,0.43796914658777625,0.07740461597866975
47,11,0.6546725431848248,0.403095905153818,0.39414965831382687,0.4314462710095068
47,46,0.5135334828616247,0.08450285668888252,0.08149931632655337,0.4875206039688911
47,20,0.02205359952140129,0.20044784786307426,0.22292808492885818,0.34741150959016637
47,26,0.8120705502405545,0.28515295492754655,0.5253531341697245,0.11719699031279068
47,70,0.7857747344705125,0.8180305219514491,0.8732097144804027,0.07445435249492739
47,82,0.22846275866468402,0.4330717301190243,0.4024592514335719,0.25032517595118287
47,87,0.19474630646917324,0.5508147554206071,0.5465202685867103,0.19159513051637175
47,94,0.3869511827956227,0.9048049612834567,0.9251417211719969,0.3986858727367601
47,95,0.8802048321937038,0.5484334410881424,0.6088587530634455,0.7895104542000881
48,32,0.5677582095924485,0.4634858146887212,0.5023686056557556,0.14169406270907797
48,2,0.07826461840367083,0.010926670907664197,0.1972471504163075,0.2758621100630114
48,42,0.639132523924554,0.45729362211275015,0.36205302397391415,0.12252865482451594
48,44,0.2596341692061078,0.3784994590929225,0.4865201536201585,0.06209027031616321
48,13,0.515604883283526,0.8417365124135389,0.728075401837613,0.229760363616806
48,60,0.5246469820190043,0.7118237891950658,0.8039558969459694,0.14264401442543234
48,85,0.9098654267274274,0.7767199681408242,0.8796297927146287,0.4848191172590862
49,32,0.7415317544387783,0.3043978239603039,0.48594453868510584,0.31993142511408423
49,8,0.4022701486095024,0.4618959195931688,0.5778925293546574,0.3024267433886851
49,16,0.10439008782956893,0.9479769573082687,0.7076486482712487,0.7129195745723258
49,18,0.48978384526884555,0.19196087640450554,0.15730969269022504,0.026849914122526932
49,30,0.5817930071437856,0.27321802455921224,0.407637610352033,0.44200372582523206
50,35,0.8525117149516842,0.8138201954262527,0.798531548051974,0.549629342472542
50,9,0.0256165977241809,0.022567278833547862,0.23029996595896524,0.19568147541253653
50,14,0.14348841757166186,0.8517706798279294,0.8982879628497631,0.6234489230486278
50,15,0.32967484740716535,0.9106916194998855,0.7851454715860402,0.3534586862003035
50,16,0.7975366833494794,0.08860071044414151,0.15793390496128384,0.23250549821997094
50,59,0.6635098057571998,0.36406844347544104,0.4782690288738632,0.044426569165670504
50,92,0.3486404513590001,0.4635703228186703,0.3658709429770764,0.34623328625311506
51,37,0.636554835313637,0.6408781725871175,0.7084610000827132,0.32670872447489546
51,6,0.38313773212929036,0.17285838463218878,0.21140617138190881,0.27186916981168
51,12,0.6179742515624536,0.08045487656643129,0.27916677329353595,0.4902422522610202
51,23,0.38777446824859485,0.7487188714412698,0.6481560431268761,0.12380767148866306
51,30,0.9480287464742674,0.11159155911473585,0.29665693223232975,0.19317938405569876
51,66,0.7396909112764886,0.12758855025687807,0.4155142689378329,0.6497857410556775
51,97,0.2883985088210359,0.9071372739634043,0.8117769467276359,0.2352968057624
52,6,0.45714171766194434,0.8964083372201294,0.876585819044354,0.04615833033650832
52,10,0.47288639841237634,0.4911217085060869,0.4653116853140917,0.6142633239073586
52,12,0.9675208727913958,0.24286699703360667,0.34131035064376997,0.29185529976693025
52,14,0.9318517448378488,0.9291689862671233,0.8584734981049778,0.7888447131242238
52,31,0.6703363900030324,0.876335914109195,0.7171574634802571,0.4458624135722056
52,62,0.8198643268898408,0.8939028831848808,0.838311950345821,0.41596252487930313
52,79,0.2386421830514066,0.15217033076256783,0.3380092350096347,0.1852866217613196
53,1,0.7935573306299322,0.7010439893161882,0.572779754262837,0.5654610416537873
53,2,0.007834500825424695,0.3174403929621433,0.2516968185091202,0.30072914947746837
53,3,0.38199979156457253,0.8591102275113803,0.8822978269794238,0.6249525203420642
53,6,0.7407451952910566,0.5433816597768967,0.6401975144477771,0.2493089662933539
53,21,0.008114720331479308,0.6513965083526775,0.45045080993909803,0.5529283990784352
53,61,0.41048715181923423,0.5908741261834612,0.43622646692970984,0.5874664616952862
54,0,0.11217740713749169,0.4644569382311679,0.4037690285327424,0.08514114744597465
54,2,0.5203363538703417,0.6938371014322625,0.563150249539571,0.08069605323237888
54,4,0.9507103121877788,0.419045622657557,0.597878628027848,0.7934049370951379
54,45,0.640148353464882,0.9216433188428638,0.8019510943697563,0.2352470644815576
54,21,0.1823052147292804,0.452232999140549,0.6303433194135684,0.25347277250439537
54,84,0.4801175907209232,0.15181330084720457,0.19221523604355212,0.3449912610311033
54,98,0.8792741759587608,0.8219788816158846,0.7771464675524856,0.23546692265523456
55,4,0.16799570167142663,0.8278161791673101,0.6022399436917361,0.5289268015131906
55,14,0.8304098603767038,0.616754205912305,0.5044123368878841,0.14535433930048272
55,17,0.31790080893284767,0.7690911236691815,0.7896676054909608,0.31063558159281307
55,27,0.37108825859180816,0.5073087879967775,0.6439592969383856,0.699199317823566
55,31,0.3663466884558523,0.38243073687981255,0.41473720191730185,0.6772682588411217
55,56,0.9344585238982942,0.7985689554033651,0.7531966666671971,0.6511080282548144
55,75,0.9048066892388705,0.6484964374720419,0.7431790709585371,0.28829950389792663
55,89,0.8251656043998028,0.1890838096926693,0.2738656161479285,0.6478650103960976
56,2,0.08335566037165831,0.21884059773160525,0.2869510973777207,0.07073425765662343
56,35,0.8980337586494245,0.6862737856477257,0.6409243517727667,0.28089878071121077
56,11,0.39671174007364995,0.7674797946298556,0.5852924654215343,0.352820237107207
56,55,0.42568234469588306,0.4311372350051901,0.594370887245785,0.2131520589274825
56,26,0.6002685752042736,0.7671979069350453,0.6580597749434355,0.6825335444721298
56,63,0.0773774143734175,0.23883127302958776,0.3314728656880342,0.30817868900323175
56,72,0.27554504382199885,0.8146747556036731,0.5846838986153599,0.5471761326798795
56,93,0.9792494820114004,0.36110530742543867,0.381687041908017,0.72127228771206
57,1,0.6882348142286985,0.29939466326752595,0.5258805572332552,0.6590287580438858
57,11,0.04368353185846574,0.5592323798039166,0.39243670420505783,0.21976692730270914
57,24,0.6348407934551066,0.8563998079735494,0.6648027368852854,0.37606526005894103
57,25,0.8594423848895647,0.6121540811653721,0.476521488999492,0.5284847653070286
57,28,0.6737805743269625,0.7446062247122143,0.8532545641279399,0.6039023004826479
58,35,0.9965324669663198,0.5357449295563826,0.39352480265784867,0.3609631100343124
58,14,0.22058640411707053,0.11258870298380236,0.20966849608582222,0.09737601914786292
58,24,0.4648434318404203,0.6394642759509807,0.45859470936297647,0.5655907892116522
58,29,0.9385113377488463,0.26244417886557303,0.258678674411405,0.7827691154512951
58,30,0.17700012902760953,0.3470544288103851,0.25726074698946433,0.22303085224834818
58,87,0.2409081550571064,0.6256592726248492,0.6260469789981158,0.1358399132817463
59,5,0.8226709541566013,0.9128174692315245,0.80960175817639,0.38297389555504247
59,10,0.6463032960083178,0.9004007150647718,0.8272851863038432,0.04160583240532813
59,17,0.4525040020326768,0.11981481446104321,0.15787345278062204,0.23991467069679137
59,50,0.06765565169746701,0.24752379511562797,0.4153410246658192,0.05478087333592273
59,21,0.30741548244316064,0.09461114903165443,0.18245210173727489,0.19561511245788135
60,1,0.7711741542779942,0.12007126685440335,0.291721299568751,0.17066925806871902
60,3,0.638277573054314,0.9541535673205519,0.7667644787061237,0.39671780433483855
60,48,0.33207555398046695,0.029984262863906326,0.276556173215936,0.25200099157412803
60,16,0.3046783183907814,0.12643179543654398,0.23426043863989826,0.46318781326622305
60,24,0.9218100582932329,0.6656817174151096,0.7558198360215318,0.5468921586948321
60,66,0.34837418298662504,0.5951876865109401,0.4938362982223876,0.19267854179431007
60,87,0.18214808851231,0.18902261895335112,0.37055469623166154,0.6815649756295185
60,99,0.7548654474053191,0.09749248581245536,0.12193086139210159,0.33384472107613433
61,2,0.1080569586793747,0.3094142489384072,0.3065594189661073,0.570331493483026
61,16,0.7637230423700089,0.50108597941147,0.48014738802668694,0.08332234251174733
61,53,0.3898960973272003,0.027848689310090245,0.021896213867544388,0.1972217778519119
61,24,0.33783046211786394,0.2941137094941768,0.43915477695495214,0.6180054750758636
61,26,0.059755596329199134,0.03144530233352588,0.23031783885904175,0.10043085712031972
61,98,0.37463092630435535,0.5134305402140926,0.6703541344700573,0.35785427210530857
62,1,0.0556210364289611,0.7977847977103704,0.8819540289796994,0.4305899511565352
62,34,0.33720392495682083,0.32917078395294436,0.563344900975741,0.3316921802931395
62,16,0.5319908776713386,0.5380862487745015,0.4012038924394499,0.7195695013059814
62,52,0.9984380164584097,1.0,0.9887977654488395,0.9190634509307622
62,26,0.9747210809704497,0.09421299338192451,0.29084679741990005,0.7097704083709127
62,67,0.8797714933545705,0.5835368876044105,0.698491199892665,0.557137290081939
62,70,0.20882213637894387,0.672126975473429,0.581561858424815,0.3594087446475525
62,71,0.33871449609211424,0.34309625471696026,0.5155671069337358,0.3990035940598248
62,76,0.5539467078149898,0.20446011063229663,0.2533031366461859,0.6786574107405438
62,88,0.14993462226848375,0.9120267286427252,0.8138929306760465,0.3690141125271865
63,5,0.6987938380547776,0.1869651892120184,0.17852638056787606,0.7379613794684686
63,9,0.012978651568418154,0.17890837601226997,0.3545823840720414,0.6227886836251693
63,18,0.8577169167730929,0.6933724981587996,0.5547400272158186,0.7750353952572382
63,20,0.6831674342309084,0.6198594780640146,0.6048906534599578,0.07197439497600784
63,56,0.4566037579017671,0.7409693808714265,0.6396826339333487,0.21483501759350943
63,65,0.9920892002006504,0.18070140810710794,0.4443652971306833,0.33493334002291325
63,74,0.8937426023266376,0.20195520557539967,0.4214892530482972,0.34568503728498606
63,80,0.38913072783290104,0.3760965417887816,0.41147689921098224,0.6812823866168364
64,3,0.05961435118794478,0.8793290531732457,0.7767261258412166,0.5434228962750745
64,10,0.48678321348243725,0.6290896252822185,0.7022809202944518,0.09237493497947383
64,11,0.559996062854655,0.16142900018815232,0.41768277508721047,0.209902191854949
64,18,0.6516157623331007,0.08704624418576072,0.07918248362930054,0.3289815442609
64,19,0.935801439986785,0.7438891052164415,0.7437230564826278,0.24106538949513875
64,80,0.4656220933024551,0.5549900284210011,0.4615287379827684,0.16228882196675354
65,0,0.46619823102140867,0.6251333506144302,0.6381680235372745,0.47910933211104134
65,36,0.502009924279311,0.6735625378658113,0.5978523385049129,0.5910662234161247
65,6,0.9771389489360695,0.19359330722330453,0.28766458689730773,0.7864347986154419
65,16,0.28285687201105025,0.10289496912171135,0.09214129286605556,0.5642350201907416
65,63,0.32011997377490653,0.6012077426784909,0.7217156143823392,0.1251713844116918
66,33,0.39720383914423407,0.03791494055772948,0.30373389357889397,0.055091014595628915
66,14,0.3846861568337874,0.0061068593086275645,0.022050985238308268,0.2468191015535711
66,17,0.7396654064316439,0.76823816324944,0.6278756144965129,0.6916445791318284
66,51,0.41004736911158635,0.3193254295934874,0.4513930624015354,0.06923996202602174
66,60,0.655376951182824,0.6434106514580982,0.6767046060435262,0.39467255041223176
66,68,0.7045094794523183,0.9256733592755272,0.8101078456668891,0.37059606167100534
66,76,0.296263946321911,0.6699262553426579,0.4836647227769758,0.4902500512225948
66,91,0.4701280194760491,0.9180070228304381,0.8632492001881734,0.1867008724723212
67,1,0.04302062275062446,0.08921458701292284,0.17419037795644327,0.7070777747850425
67,33,0.6010909715862105,0.45015447853286816,0.5390871421301595,0.6262685528574751
67,5,0.8971969265651072,0.5706140556831476,0.7177536116522036,0.5110861096785616
67,16,0.05149489133330787,0.8099315350435629,0.8345523584295642,0.13961398043604747
67,62,0.057423920827998076,0.599772405271526,0.6672567850627509,0.4290486273063783
67,83,0.5405581139084011,0.5398901281336812,0.6060299445123242,0.6275919984857732
67,92,0.1810529891045385,0.38520539432368156,0.49629431160433074,0.6830668321652874
68,66,0.29430909001787176,0.3560012669420765,0.521575467200937,0.27753743777187884
68,35,0.12426773523116696,0.3491663723411083,0.3453212528356652,0.3281933626959915
68,46,0.9473721686868887,0.24763086312251922,0.18016820376927148,0.8446045929815652
68,14,0.2724578784948245,0.025274603315840635,0.33325988257060674,0.3710671307524341
68,29,0.004123269488143788,0.3418116572185977,0.3253692017848317,0.45876494912057936
69,1,0.19535847789654015,0.16204592714062765,0.133383917303717,0.20944346100404168
69,2,0.20449430925160006,0.7260380676869801,0.6875308079789464,0.5044850638348736
69,6,0.6087319014443336,0.13344261576418553,0.3360493317230965,0.3840996442182285
69,9,0.829848492992179,0.8024766663940373,0.761689214662656,0.06398429888753583
69,11,0.3331217132964741,0.8373583245337529,0.7856955359535148,0.21586555242728994
70,4,0.8440095841176598,0.26077582691963547,0.24849584349568632,0.5942701563159565
70,37,0.290000943857852,0.9435235824704199,0.9058595200429661,0.6069697606985314
70,11,0.9260474568967993,0.23468484607706325,0.33420032947763906,0.4668429637788354
70,47,0.6035529475428977,0.8577592493287407,0.9142663696793041,0.7126116143576339
70,62,0.8889351360782458,0.8349399345744575,0.8779199823233181,0.50098825987745
70,98,0.7150510709519107,0.6969330084702718,0.7224957837615511,0.6520668635129274
71,35,0.25804640486023156,0.5624310879287818,0.5364756404483534,0.3247718816726123
71,3,0.2658777951538932,0.5520284522705943,0.7141490281206924,0.14744630893393293
71,5,0.12546209033278033,0.1395625613735021,0.08980382579499405,0.03781620646991619
71,42,0.07309498720103891,0.5067040475323792,0.5846587739944054,0.43086330708766746
71,62,0.6758664170508741,0.49818254708475945,0.3767364067659249,0.45059308865394404
71,99,0.17273955256159346,0.2471638319312651,0.48248331472897654,0.2118378677548012
72,4,0.22191044365851398,0.2295286307506813,0.27577524736235465,0.5972784146554276
72,37,0.626462862901527,0.061984068240644646,0.07576080771977976,0.42902662513146045
72,56,0.7878688759114829,0.6125002091165186,0.7532293471339432,0.4244730236242875
72,24,0.36038019754297956,0.7862532280987025,0.8548683785205636,0.6349193053251581
72,31,0.8059360346648683,0.38107203366386583,0.42613117696834985,0.09724790574089492
73,5,0.02848000547929641,0.25107567255870944,0.23789419909286488,0.38907767025181017
73,8,0.5860971410161918,0.3002220877641509,0.23748838064342007,0.49087110460132505
73,42,0.6928648052223172,0.07650149478753343,0.17812787766729313,0.720513797764279
73,46,0.10124008571728327,0.7796301293120722,0.7942803106010846,0.326572483002521
73,30,0.26635916670524495,0.49964771457368884,0.666805791787691,0.0912726410905545
73,80,0.8930669050755298,0.5119728084519833,0.3823176165382428,0.4823550522785182
74,4,0.3918953059876318,0.21161364066364485,0.4383187695632397,0.429135319835664
74,8,0.33041868180981204,0.0476600361912529,0.31233058539534686,0.017881668870061863
74,41,0.4644074587359318,0.45415530697517176,0.3613226312571689,0.06854176843149459
74,23,0.1168347589749772,0.24098094765987838,0.46172763700132885,0.42927314886094575
74,63,0.938632719189543,0.28769434403026756,0.5236219602161017,0.25217913473808534
74,75,0.7052314633033254,0.8786352832457339,0.8934111549054359,0.11823534771958541
74,82,0.20264655223172845,0.036958797681703966,0.019173970170667673,0.6917382068217285
74,86,0.504190708071262,0.6495451728938069,0.5714447640165927,0.22344916851979568
74,87,0.4238837624998263,0.40717830288415846,0.3103554331261795,0.619167485681116
74,94,0.43309389923811425,0.07113792597817845,0.3195753644253391,0.6168846869406942
75,41,0.9646316842906328,0.2152145273560311,0.36408342617202766,0.3489423437818939
75,74,0.1356959374603396,0.3868466089380302,0.4807373952434491,0.5984707094233892
75,17,0.5573310277968182,0.5936774549641081,0.6179354416766424,0.12309889964314712
75,19,0.20781352861906377,0.4523973926102034,0.4044913463124657,0.08100755434071755
75,55,0.46774329171823004,0.19672579156636544,0.3174429662175562,0.6085967630530946
76,0,0.29320482437084394,0.6458842223648393,0.4812909023625288,0.3933629619294428
76,66,0.22307218819227692,0.2789718343364636,0.38729438833169927,0.36521835607260006
76,10,0.8086831412901992,0.786786956225865,0.6871110063455792,0.7507021026125653
76,11,0.03886641513164668,0.5299096710863742,0.7079406728854015,0.6959851774309687
76,62,0.5944999694941022,0.9001047430278867,0.7511543530278637,0.44947528510263046
76,92,0.585028040640212,0.07206518008680274,0.3499893432711583,0.6358157863902274
77,11,0.25999971944833355,0.14253749265059162,0.1037221127638627,0.10263803620456231
77,13,0.6004232907471205,0.024244766094038958,0.09224606309745587,0.546560501577114
77,46,0.43017799841751414,0.3543290298450158,0.3268967150954969,0.008752814632284263
77,16,0.9769668690314616,0.6712463016665489,0.4652371981886223,0.7244952708426494
77,20,0.625845410118838,0.45207342471111545,0.3543663009733185,0.5068337502016651
78,35,0.19254883601351935,0.09800213819596997,0.08950434016801885,0.09794577278738181
78,46,0.44254584402416375,0.5519855542238573,0.4302776792818759,0.027375824177510083
78,21,0.3189899157779811,0.39885943393914475,0.3759996839956296,0.6598259541625859
78,24,0.7203816107880925,0.2523886757759401,0.48947578431080585,0.7116237557170523
78,30,0.12438572399005687,0.5425086274546381,0.4692208544744793,0.06683999979367329
79,2,0.5406612537056479,0.6712046973457741,0.752489821905166,0.03031754093816543
79,35,0.7774320035920601,0.8670145280847252,0.8633988595383464,0.31155147655270415
79,52,0.7975523938855372,0.3523577087966826,0.3490174717056735,0.11360603387080981
79,21,0.04239127932539466,0.3850876976733001,0.32886843718268444,0.23272113409620238
79,29,0.17590445571083546,0.45038330985961567,0.5510078069701557,0.18602965871122748
79,81,0.27786386177907396,0.9317248651675254,0.9642871739654897,0.4369568991388901
79,90,0.7692126112848097,0.34004274385081296,0.45844967490276656,0.1609111861861444
80,64,0.7740559204754268,0.27038378440202104,0.4450088033069813,0.35424020080658414
80,73,0.8905499210090729,0.5748198067365675,0.6224243139646556,0.46892539523406945
80,41,0.03281837972599011,0.005110794605801918,0.13140631767300942,0.11657115302378977
80,21,0.5557789671786221,0.661177465890339,0.7052762842130772,0.7059319254835033
80,63,0.6577983450589935,0.8367140293498616,0.7811260371789841,0.3189525150657954
81,1,0.6411819334927474,0.6229635834302636,0.6812952873222712,0.029574760952465733
81,8,0.1866584684809377,0.9395008272787311,0.8975698828320292,0.02539983957667264
81,9,0.9032188695067463,0.8226105495739794,0.7046774672464826,0.564524836920415
81,79,0.3714376555832245,0.14628621183042587,0.304966837002329,0.1537000773918267
81,23,0.06483536678072155,0.5668118892193605,0.6442481585424809,0.692404270258794
82,2,0.36811601792659143,0.9304058769441159,0.8080089776794269,0.10415144563525185
82,6,0.4466256224620224,0.8143064082332382,0.6287279481727371,0.3338845241554396
82,74,0.7761239233582061,0.09487245173084306,0.16016584160117164,0.213711340186507
82,47,0.05704785434074211,0.3898471729522502,0.5239140245168938,0.5902065162701826
82,22,0.2689111026195934,0.15435890665454197,0.2450830792485978,0.6706165494007246
82,93,0.44981555662262507,0.23162729237456037,0.2103182318281918,0.01177842272333603
83,1,0.9514580645051893,0.6105438081254259,0.5290876881877825,0.6707681187339413
83,67,0.44470141010694664,0.7242425795011634,0.7088528902191804,0.2916688332676768
83,6,0.3340470229644419,0.81737657420762,0.8674888798894175,0.2522036400462516
83,44,0.613533865212532,0.4863156478399043,0.5486641867470937,0.28997284036884236
83,15,0.5753914980887709,0.3374692898216462,0.2964631166192998,0.7008425898463367
84,2,0.2514923832778345,0.8528637377543118,0.6072637377567949,0.6087614760253389
84,40,0.13546521968158098,0.8798453640548937,0.629769031940225,0.2094742285885401
84,15,0.1774623817131077,0.14823066233469323,0.43027652378986836,0.5747830687756195
84,22,0.20937605260208103,0.6843321877912701,0.8017133887689115,0.04983429688620407
84,54,0.7809753120219869,0.15160413186688868,0.43093679018254083,0.08219608812963121
85,32,0.9252086717824549,0.8254333706226932,0.7973529364095941,0.4129257570686669
85,9,0.12174312972164203,0.3101224446159065,0.37805936272582086,0.11627665126707448
85,10,0.7337224170837898,0.06356058967419313,0.14386944430509757,0.4073023190242003
85,48,0.09885438771999078,0.36060031884280025,0.3188367841949015,0.5447174175966927
85,25,0.06513938132533825,0.15806182037786912,0.12446925107772684,0.6494501729011609
86,32,0.5775125594799596,0.4886842454384546,0.6305159342878014,0.3290935800949965
86,2,0.10389617757083192,0.01930968519400969,0.11412766409262083,0.44036337832238953
86,8,0.4065654830805615,0.38243362333452097,0.5691784930565706,0.5230606663038058
86,74,0.6210169158054932,0.6265824433967347,0.7063316603129693,0.5427270559873167
86,14,0.4325025752979248,0.6922611710515921,0.48321933844282716,0.4221145823401227
87,74,0.540982182357609,0.4154550067708744,0.40541772414293714,0.4704178608992927
87,47,0.13568321527536553,0.7992276122288571,0.7829455076677049,0.156101276765702
87,21,0.3084628140090335,0.41459813939734336,0.49203628517590414,0.04315388925779881
87,58,0.025058876051044954,0.3998576817321571,0.4638987890188337,0.7085185541962346
87,60,0.990051275830325,0.30713111235482254,0.489935796011654,0.6425108149760074
88,33,0.34294444382873157,0.38435253421703575,0.5028784595560434,0.6992085118901329
88,9,0.9518943789123624,0.8731735281337875,0.9526467728969888,0.24659741381528943
88,25,0.761894905298159,0.38512194183785803,0.5668115474594223,0.4359114396164509
88,62,0.9607127768548401,0.7620396398706442,0.7500383669236651,0.30662410189576317
88,31,0.6831181366769419,0.9102592453299768,0.751551032027859,0.4604705191242184
89,34,0.7597257124820781,0.31300585239793566,0.2977967219679482,0.2306365538881696
89,5,0.46204244202596956,0.9058633895406724,0.9011144660052318,0.20786728371799515
89,55,0.29479193572357865,0.7669349064426625,0.6573686401639699,0.47430304925344424
89,24,0.749849046531391,0.2887204552312896,0.4807685008116048,0.16717166815938342
89,28,0.5269263757974545,0.03185247167178433,0.04641302039637979,0.3312319605617356
90,36,0.25813140022195036,0.548880137786369,0.693248515897482,0.5786393050517583
90,79,0.7817390203585551,0.8205770844932783,0.7631369053078831,0.4069096804126313
90,17,0.9043062824508845,0.3147111789958031,0.20798458901742906,0.5359288246776862
90,21,0.4283000840393154,0.10421281136415109,0.26571589041751953,0.4458395341255533
90,26,0.10705467809504454,0.26900567051065266,0.21668828878011526,0.5494711710224124
91,66,0.7340816395157206,0.7613484990980054,0.7479905536540756,0.1177414402390965
91,4,0.3968704689604686,0.3019938663652998,0.28917041332760013,0.6623606947633797
91,8,0.3970514329457613,0.16001094951327535,0.4032639006750633,0.36384573785685415
91,20,0.6635473398086569,0.691206394310202,0.5543103380911089,0.04404762977901516
91,21,0.3110867976585848,0.2814113707381589,0.497900887013261,0.08715786394596825
92,33,0.9482506467198205,0.38105448367251143,0.37176431968963425,0.4251449344052484
92,67,0.3646743822151777,0.4433542644098668,0.4911995087910844,0.4945961572413091
92,76,0.13912532803627697,0.3223205485354021,0.35004879098205294,0.0538209510113069
92,13,0.1016214081511636,0.7897632648035996,0.6453692646220178,0.07706961936331701
92,50,0.9344878204120842,0.747447292047668,0.7710413427831143,0.35100759411207294
93,3,0.06466040658269845,0.47130372501417706,0.4153049891910313,0.20217504445310386
93,37,0.915996389200667,0.7931275009275754,0.6937408139831257,0.5834445971656212
93,82,0.1493094816795556,0.3869064627956491,0.597907597295975,0.6337907715609228
93,18,0.8019593339972132,0.8238980037187967,0.7012327116492216,0.49229462045459416
93,56,0.9214679228967743,0.5803774773391002,0.7071449691974928,0.6512785584551074
94,32,0.5147499168654694,0.7131782476298034,0.5018836812441237,0.37745722792969133
94,3,0.38533222547718604,0.14147253665246193,0.2538105875560364,0.7247240495704905
94,74,0.10916605133641055,0.828108740813996,0.7671391251051304,0.37646722068454236
94,47,0.5928429371043634,0.7908917683850297,0.7790867634744393,0.0363380449819591
94,22,0.19981552497615496,0.8089695641806649,0.6724098644517088,0.39356935665954307
95,32,0.7314684244422005,0.9319754229478865,0.7478362173018007,0.3845478102609614
95,6,0.6874329203395753,0.4380134506634106,0.515265617487005,0.23796908159735333
95,10,0.3250010571846823,0.6818905888496115,0.6184918235410841,0.028471025589684465
95,47,0.9140324153147061,0.7296792634580478,0.7896986090285089,0.5499519593672102
95,15,0.8441202614072626,0.3515682464940309,0.2481120378709469,0.5378994415429762
96,32,0.6154105683511621,0.11187960196408922,0.2953893631991697,0.08062157423782003
96,1,0.09307428200872658,0.2759395531845087,0.4094074908017181,0.45900196315206676
96,39,0.457715873500539,0.8098529853605961,0.6069663183541134,0.18794469742581066
96,20,0.7288248886355662,0.9250224362458023,0.7088662254333191,0.0394964551462334
96,24,0.9627893755023315,0.1642618789581162,0.11588432196599713,0.33306553254304017
97,41,0.182500225421945,0.6662102914458387,0.5461954181457995,0.6715776931644394
97,14,0.5130724397816446,0.28742346528652707,0.30593190652750707,0.014633587983675003
97,19,0.1631809026152038,0.9011027145369617,0.9130539174108169,0.43831734022863744
97,51,0.875603146333287,0.48198052267167624,0.33958171751525057,0.1386925289627768
97,23,0.38467129136325573,0.34124074191769216,0.2857738228760148,0.10300335832637239
98,70,0.4078542248734913,0.08631247598247738,0.10544944656806697,0.37447716508731277
98,14,0.009911925712796421,0.18261227233759408,0.3121523282648999,0.018306425443496806
98,54,0.10106714034566222,0.4209376536860428,0.4625514526505885,0.37095447387871466
98,26,0.3701924594666608,0.047098767338422595,0.2553226313106431,0.5927595268040933
98,61,0.4185923067843744,0.3967146189383899,0.5811049694629102,0.2656587696284843
98,99,0.6691851246030045,0.5180588641164673,0.4043745651964607,0.22685785273591103
99,1,0.8573781830575351,0.5406946096107859,0.6195177931199747,0.6685116250364532
99,98,0.6870720162840014,0.8866895477675353,0.6520739972995473,0.3173716549977388
99,71,0.3596332872268304,0.7149699241554237,0.6714095366935103,0.6979862712958395
99,25,0.7228511415028942,0.3871596483505131,0.2944264954992919,0.6604346218315508
99,60,0.4404829193954348,0.02560170895054743,0.20369300405089646,0.42516750127817304
