Origen,Destino,AnchoBanda,Latencia,jitter,PaquetesPerdidos
0,1,150.5410465889885,75.8699284002364,10.97296385335169,0.0015104947211372305
0,2,51.273188462500144,19.1804683124679,2.065705354006329,0.006947055563776096
0,3,157.31841468133757,57.69088204103394,8.677859102451931,0.008089331614991466
0,4,191.12132874203132,45.30383141722161,6.107256829652139,0.00931981856234115
0,5,106.83193957256115,40.967238596003874,8.790765079881297,0.0018124768803830715
0,6,165.3820973881086,92.62733381012481,13.282747057456339,0.0050144067034487635
0,8,82.50872479284311,33.194620911989645,7.287745457605819,0.010420834780746154
0,9,158.5273605721223,41.38528975223109,8.46211056320247,0.00832132732913501
0,12,87.23651220602288,46.21703647135758,7.923470787457006,0.00953224765528734
0,13,130.01145340396266,16.150562577050565,2.291830897390329,0.00902847920120652
0,21,194.45256851127363,90.6864646524823,12.400667641595032,0.00399732000225785
0,22,133.8074516310291,95.58243832359909,12.680433834896256,0.006631762671168883
0,25,169.12527685623914,19.52721208558127,3.8950684129802573,0.007740670986569186
0,31,41.55537933368073,92.68838402803195,12.645156125441048,0.002178884086061283
0,34,178.78723969029167,96.88625928658327,13.248028250462658,0.0011263017792690821
0,36,71.83754438534989,10.153786324625624,5.060507466281719,0.008053487965922933
0,40,70.47509435092445,35.74309650243263,4.459829548293495,0.0014605357390777471
0,41,142.82850778533415,17.38245560680087,6.57683152851464,0.007054507845356188
0,44,54.106565822294435,31.4037553935124,7.381022417908216,0.002135920833239687
0,45,102.63962369050603,69.2558489609232,10.147317378272978,0.010005370122502358
0,54,25.27974799894049,42.978081211972096,4.6327947246789964,0.002959418904261225
0,55,133.83398507462422,57.751200596352625,6.1808403175717554,0.007726191318659276
0,58,59.52544546268997,41.1073270136977,9.086352528052366,0.00881296865990521
0,60,88.96063164082183,93.62871670510208,12.465379479719086,0.005768810592178636
0,64,105.28157004797117,93.5370791664263,9.928905855302254,0.005408960986574254
0,67,85.52861922678159,43.04464870459877,5.143484188897142,0.007911068548873695
0,69,28.377103484732004,22.86603754853506,3.8428609412528427,0.010586784704783282
0,77,78.84457542363508,50.25882417421628,9.973873040576253,0.009370466739056208
0,88,76.07082704394733,16.751040507518606,2.2586667573934323,0.005706429130930059
1,0,126.34031354400007,31.09959198024345,4.957622891772713,0.0054289413200115
1,5,150.94147801433292,41.69755455094148,4.738446161172531,0.001297164222019771
1,6,100.03738714959606,29.430647355397753,7.904872397766696,0.006014445587782682
1,7,198.41549515074598,81.11297088596484,8.31379445292395,0.0009984762429230572
1,23,140.36651946387204,70.95759016416265,9.27386367127043,0.009539451156720082
1,25,68.16918653992812,31.615904456803225,3.5613374931743653,0.0031905490960745094
1,32,101.63737418322478,32.10587877824646,3.3166294737558646,0.002487637173613022
1,34,177.36097956096384,58.79017491402079,9.209556106249044,0.006147259501452319
1,48,185.01943284464735,48.10736885100083,5.4224158663094055,0.004763270648339764
1,83,116.0633231320792,91.67356634645832,12.635173796847177,0.006947946610826207
1,94,150.24959431065645,30.248122939964247,7.724601953466449,0.0041680917843550935
1,96,102.02109459628589,97.95869330411034,14.276906981315523,0.0029956342282514772
2,0,180.70792509576233,24.771623424707524,3.5340015357528713,0.009614413331741239
2,5,125.8607543975059,41.30192369136624,5.500877905457717,0.009358602503022818
2,6,182.5008037077897,46.605959059552944,6.782335063936803,0.00725018653055192
2,7,181.46383686918077,72.80091772425867,10.862856153600042,0.0037130162513575185
2,8,187.5263273592065,78.50634575886075,10.403223545909979,0.007086582529549294
2,9,37.33658869683486,68.54434646938562,7.93743636557887,0.0069774056642602856
2,10,56.52393139924623,40.06259639696351,4.708452119806088,0.009641381176728539
2,11,63.13899530322226,28.569680334572492,5.045344843722242,0.009277296528213073
2,12,150.92567648065227,13.947143211368573,4.792504938957742,0.009568875122295652
2,17,183.54645963105187,42.647718541343735,8.368465467155406,0.0045411971238467404
2,19,198.98602348964803,71.06533923818178,7.5441790957752595,0.004788470492065928
2,22,114.40725840201249,94.70549674008147,13.886455599365611,0.008417073136966683
2,24,25.70991838091405,102.5127858628943,13.016613478842263,0.0072654147426351925
2,28,32.78966082777172,61.49306671405291,7.747441501311058,0.0026380337678534667
2,30,73.6917627362039,90.24362055186711,12.545738106991307,0.004152111516602193
2,33,79.4742792843143,36.37789359043378,6.294113840006624,0.009182285002643491
2,42,198.6397908780494,57.44116900885996,8.606268802826225,0.0015792660891207873
2,47,93.94932154879756,8.956379058332102,3.9873793639256894,0.008954810364904836
2,52,130.48344862105273,26.058320075343843,6.945058904711784,0.009972177933295865
2,57,83.75120199832115,50.123778129302,6.313409089136377,0.0016624081757437839
2,60,64.24198172487732,45.048616254746086,5.262125538281066,0.006740451785836755
2,68,176.29510603616038,20.45011910754997,4.620198446504787,0.0005800610774465337
2,87,130.64649769970856,81.86595222798992,10.221912890387133,0.004304136035804233
2,90,147.2203377768095,41.19727207596289,7.954424354477886,0.00925233834124707
2,91,18.591256605839725,62.64754840096682,10.708197339776955,0.0042130986330159055
2,99,120.04259768899901,56.32518110365968,9.14405297057076,0.0074015816553183005
3,0,199.2554966916403,72.92842174964116,12.041675392666553,0.005426804666639314
3,5,40.01102708186143,50.26677129575468,6.068804288723634,0.0058344140882234065
3,7,30.35668589981542,44.24590754777202,7.532002869544246,0.0087074405560174
3,8,150.91443326729137,92.76978151732673,9.425470984895016,0.006054774291489189
3,11,28.140075120836073,60.732211135322544,10.84619415012151,0.009464775383538399
3,12,39.5164771259088,12.244041884249349,1.9533119130268877,0.010097273542306523
3,14,61.959205144842194,71.27749337443237,9.742053583419157,0.0061340816845016875
3,16,116.41593689850293,99.93681332626261,14.877482228048883,0.002974738272300914
3,18,11.884841879910717,67.7942704872535,7.189888273040946,0.004748809660405619
3,19,71.55025204966962,60.45739297744483,8.86139872377111,0.003220748412340907
3,20,140.43911894063575,12.482076777962467,5.572751267712006,0.009514904628834562
3,21,183.9587375236709,79.44187671809328,9.165256814829437,0.004373090719693887
3,32,76.64284700977598,79.81406262224846,8.618159312128883,0.004816760633209648
3,33,155.02076417265437,65.62592239687226,8.670695605673156,0.006629344927436183
3,35,43.34160407477676,55.324124916101326,7.761826884173644,0.00651313979350339
3,39,142.37102128243362,10.136344235339472,2.326502978391189,0.001014332854354094
3,41,13.819466170491706,61.422117507561026,9.750884939682287,0.007996920163517184
3,42,183.45996501059605,42.060138976420916,4.38425238965089,0.0007821394748291449
3,44,167.16557251539547,30.852130676580973,3.3596735469585535,0.0004168958180494852
3,46,177.24049803335302,33.396273830746324,6.14840862531323,0.005591053095788138
3,57,48.7332727498892,98.40796438090837,11.719179579795329,0.0051058344550516275
3,72,46.51385916671554,17.063033396968887,2.7478647578908255,0.004304828157608762
3,79,99.45074086586659,50.07717778945586,5.907367888922355,0.0025401700555835616
3,80,104.84010281961834,49.84491914655678,8.693008802911368,0.00482018220332049
3,83,36.012002222562586,43.82762811426455,5.323480223443632,0.007859028222373457
3,85,11.287947090290793,25.187046385970255,4.5293372819536675,0.00979630388003481
3,86,63.60569317724201,66.21459964672795,7.476781152101441,0.0038356620618030792
3,91,76.80569709937387,56.79447043503645,6.145728935883085,0.0009609890709876339
4,0,186.2998171598892,35.017509219452165,4.8741233281187,0.008549135615728305
4,9,39.39998724273981,49.506141698954124,4.977552211809192,0.007852909289734492
4,16,19.990504702103472,15.676621929943925,5.091335481092443,0.007992495925988065
4,20,148.95370501293615,45.22310350771721,5.338798799324286,0.0060846945517910676
4,33,190.3575548819951,55.15852683562126,5.735011249175738,0.008094953681104852
4,42,145.30348618043124,68.65958848414279,11.79864190438736,0.0037403477802707753
4,56,42.04394796786814,10.844147932165386,5.708013677710433,0.0028613791315214732
4,94,85.82644472632924,37.361996238222034,8.316925731755887,0.006330177739226726
5,0,129.67763552519017,28.68602512197484,6.01327086785931,0.010223887706148582
5,1,27.809084101750877,90.79307107841966,13.639258499367585,0.0019888026129224346
5,2,59.26857724183175,14.95654005465553,3.394561558151864,0.003883339978913546
5,3,39.511730317457825,41.64698320972429,9.01994448406683,0.004431201894696314
5,6,82.33825468733609,59.69576532933185,8.83894309789639,0.001860501552333575
5,10,32.407386412065506,32.43840099597086,7.377961646626062,0.006320824472332765
5,13,160.96475576953333,41.53600280277883,6.762729343170016,0.006301353745532399
5,15,126.98649423018472,57.648514820224754,8.231915305785567,0.0036045810677257503
5,17,92.6310861908052,81.00058032047151,12.33788437677483,0.0027841173351121915
5,29,124.33994123091631,40.154109120164776,8.831081460504171,0.0045246026124125364
5,41,89.36828081702814,58.29765309188468,7.331812836892665,0.00886583241795566
5,47,157.55270404683876,74.75105980444073,7.99172861730619,0.00436016427945931
5,50,55.56907893194734,61.77376448831964,9.903089327835051,0.0013810862791061207
5,73,102.21228641583885,6.2787884314458635,5.486352836574297,0.004555156011668929
5,74,175.27842649062947,28.084705825991986,7.565806659267287,0.0030535989598022093
6,0,52.33425250071004,94.47666924521143,10.083146801944299,0.006523524643774782
6,1,102.37795339188047,48.573241630262636,9.458750323975321,0.0068983727578121315
6,2,162.5253122356087,3.1767026287204745,1.4105221720068335,0.0068447532785707536
6,5,166.483213827587,8.213749261073948,3.825171854904946,0.009416732710154275
6,7,179.21245107733745,24.496086791203542,2.9955766128660155,0.005423152464407971
6,10,116.66611250761181,97.39795837248023,12.633527536021562,0.005745072975732772
6,11,111.29301035176911,66.02139615727934,9.089941935237789,0.0027850021634806873
6,13,18.15557205210351,105.17375066180779,14.897441864131764,0.005946490314522145
6,14,188.05836953824658,52.715445007797385,9.859488256484742,0.00251295916048992
6,17,135.21433042272724,57.7959136591114,7.821947421935632,0.008724629372699891
6,19,138.63552719785034,33.71192975577848,6.9699738443206165,0.0011890654926037985
6,21,97.26174453093252,60.28379923854701,7.537902984323546,0.005924000388993317
6,22,57.43636826583168,72.96042079010964,7.676942650925987,0.0062094009171288
6,25,99.0113565888049,55.921107329020614,10.383621161772112,0.006172929782201765
6,28,114.5833204018008,57.15770302239102,10.055633690449993,0.008506104897160747
6,36,178.79522520727608,65.77084033181113,11.544310631014906,0.0046087341499279014
6,43,97.05885112665796,13.38939113614478,5.4025524658755835,0.006622631132571673
6,46,87.07476335582088,57.72339854853989,8.706650097389135,0.0038432725036893203
6,50,38.33714149688856,95.00512614854838,13.807763521557586,0.0029661546326837087
6,51,104.35727106692048,81.90894461953442,10.598021571830136,0.0055415522479937565
6,55,12.87203547689754,45.518487608102696,7.384814392387366,0.007389123052199619
6,66,104.07405659487657,39.032094945499885,7.860952581924094,0.006984470778461109
6,68,137.0349313345992,57.49059672230012,7.131956726717219,0.005548352672185757
6,80,136.1638370574342,40.12206805637896,5.50859545298899,0.0032029653368734557
6,82,63.80143500379296,86.88076253492797,10.285985811283643,0.0010183973549440658
6,83,190.39757781464476,36.00652643554894,4.024673837140024,0.0004439195567102502
6,93,65.791345917711,34.98355354491786,5.032484333232849,0.006193175595168436
6,95,125.76705351143279,40.97895408481141,5.814685138741142,0.0005782759408839063
7,1,118.23887479577151,8.834324328351967,1.4333899273974433,0.005651807437809028
7,2,113.1188630683679,51.467741709442016,10.062771671333469,0.0052171262301799505
7,3,119.63115887321051,76.9232093405619,12.01262462840116,0.006457865479207306
7,6,192.89495704223057,6.370761771916388,1.4307630005256486,0.003059865184410007
7,8,198.82406100239496,99.23211882573139,13.283683231590418,0.004765936111961388
7,10,40.6087873639074,21.031854210320954,3.3979530188844094,0.0038471036822752495
7,13,63.34433037510465,81.80065466728449,12.403626916411337,0.0035722351718481963
7,16,131.52025861484879,34.47882014717239,3.8943430092613722,0.007703009945450691
7,18,99.67008657081249,27.46007751094985,4.866774959445768,0.008395700361317798
7,23,124.71286053751568,69.49600892945334,10.208916565731748,0.007657533517182038
7,25,14.074065407432222,81.6960125290446,9.005127216766201,0.0049025272505568394
7,26,117.65268822615462,58.336557682880844,9.869906064525388,0.0037297535322969905
7,30,18.600310806485595,60.64198451934691,9.327219075880823,0.004648817606154841
7,31,165.71041201775756,97.44840305974934,10.216261136195287,0.005663425809295724
7,37,55.22900562352986,21.699099482309443,4.604744029134858,0.003912100834061478
7,38,103.56695651315192,19.695052362546235,5.962665856707035,0.009044249299393122
7,39,109.36864405058299,59.38460280817492,7.670856430396816,0.003452002116474953
7,51,44.74555732532176,48.74117554613927,7.460841205752158,0.004266728121926313
7,53,181.14623018212788,96.97017266175753,11.113175252698252,0.0031350789094813794
7,54,114.9312668820002,65.95129049926396,9.277754150131507,0.010365668444815571
7,55,40.2290322226415,19.482513192189298,5.602117514284442,0.0062848897216706
7,60,199.68944847242673,68.82680668439072,11.101161204997993,0.010143514664603412
7,61,89.80940172558017,45.04235734273711,9.09042523082368,0.0061812002867263375
7,64,48.31387624417322,49.021875210662955,7.443644923358903,0.009693215827818565
7,65,108.13621594084177,70.54043179958718,7.938834706172799,0.002023664119142103
7,67,164.75282653716263,80.87276602461598,12.509076564537818,0.006554098565476729
7,72,66.67201289167659,24.778820103201642,2.4951833953807467,0.0035650055956525525
7,80,22.112944543418095,83.92597523663937,11.978418395450568,0.007453950357946021
7,89,179.68953825609677,13.66138065128358,5.309424976868333,0.002595031799718239
8,0,188.5267140261087,17.20898019857514,5.5011731653944205,0.00838735944561323
8,2,59.986676070636335,47.249361258684615,6.710583493912301,0.0028012075162091
8,3,198.79196277069437,99.88858425297862,10.290698624599438,0.006244605604373839
8,7,103.60392891587556,16.033556359085413,5.880847359094719,0.0011609287055340798
8,9,103.4440638102688,44.01524644541787,8.586206843355816,0.004968616104255913
8,11,168.60197511908183,91.50208038248962,14.077497109715601,0.008880606960523826
8,14,68.33880867575336,89.57454880499235,10.563468155266348,0.005164708184507879
8,15,171.8776883757874,31.63522080816958,3.5627933099935616,0.009685606778254956
8,18,183.93912164924686,14.470245415158042,6.107041982008673,0.006393817426038411
8,20,136.9098528526842,69.63589557656934,8.577954248531448,0.0008757967455918393
8,27,104.75416468609708,48.565097637568414,5.709841567320385,0.003045944071773948
8,28,125.79318463297977,78.59344855992097,9.694052406859312,0.006351834480175596
8,37,188.92999150594764,97.23871408905005,10.50018908744794,0.007929554567920709
8,38,135.00460711194123,69.51393916786019,8.858380184703316,0.006357772753369525
8,43,42.39179167372192,74.81736348511016,8.71763869077345,0.0029662074389404025
8,59,55.240872686771304,13.77047103182845,2.6488974306564588,0.0013410756179263012
8,63,13.63884560777377,101.35470343061718,11.969306518498271,0.007736480372048977
8,65,85.16931152106196,59.94381129385077,10.737557793320086,0.002678570365154444
8,68,152.41555244427244,6.3466253137982855,3.097648986167061,0.00672992789099675
8,74,142.56121605983265,15.812478734878034,2.302091869511915,0.004138426563364246
8,76,187.58984807292785,56.41496307644548,8.813654767461086,0.006801956296109951
8,78,133.64491867635493,70.30942846645375,9.8903021841834,0.0031865886324067665
8,81,17.77975789524354,59.36587738565297,10.918838810146337,0.0030304759334854924
8,82,113.56236572410099,38.27073964329457,4.319888392973846,0.005908273317316496
8,88,74.40937240336433,14.65256494397011,2.3657924592812596,0.006533065698175647
8,99,68.42418992961646,18.737265647359973,6.297304596907842,0.00625385082842601
9,8,59.12361652504192,66.20239026272392,7.377647126726637,0.010838213079425082
9,0,10.878775855419239,36.659493047110466,3.6995994014175437,0.006251743965081097
9,2,64.89700431821856,66.50800373980239,11.504049917590855,0.001731093388228733
9,4,192.18958208295896,77.01200278141107,9.353645588755391,0.0034692746825460813
9,12,81.83923006439281,78.83634386004827,12.503514565624386,0.004347976343149524
9,14,89.11014737370323,43.51984980117949,7.592400757463043,0.00931816109355694
9,15,174.41538218198252,25.653380402765254,6.598627811082346,0.006340421923133624
9,18,22.629268695585942,14.301514205875806,6.387570457537514,0.0037486170164830815
9,21,86.06494297887787,36.10383499040754,4.08068141640197,0.004761937716933591
9,23,183.98939965559592,32.35866645518113,6.15791306695579,0.0031098283786043586
9,24,11.796394885525995,87.21246981808432,13.668449240845867,0.012722803674895007
9,26,75.89565166579774,34.183043259996886,6.141161803351046,0.007589522854479174
9,27,199.47787052251613,28.906023039812386,6.0878496273350375,0.001731300121613332
9,31,52.3315415989251,70.36108685574968,8.303141717416782,0.009934902326539192
9,35,95.88944962773145,50.73722492815757,9.81793145605022,0.00842997808004561
9,39,152.6146711857308,69.38433977448972,10.750744317231044,0.0006518713818694805
9,46,61.70713644486987,17.092592233864874,6.179263070731799,0.010598131823645015
9,48,94.29867259320429,78.46005654680434,9.473969917554037,0.008291015021142033
9,49,167.87746301835924,22.906007698273584,3.596066125338829,0.00466809902498106
9,51,62.685175041882786,60.01315767708775,10.315477787861097,0.004346039034435487
9,60,115.24366758503758,74.54878429470557,10.37583615350666,0.001962542008480495
9,65,95.86876361638332,22.95819147151585,4.555685714035235,0.0022183209092757135
9,82,165.11303308675954,26.08180250289879,6.59293234990769,0.008459723671448507
9,88,15.14900595561188,94.86686003406028,13.590384911750345,0.005453583510633188
9,89,26.258072518477857,43.938912330963596,5.3424296336272095,0.011720113206442844
10,2,75.24729897581206,67.14543331840542,6.835519365388943,0.002467034024760361
10,5,85.84092322929114,94.29314799773525,11.486492019860325,0.0016745932342136214
10,6,168.66963690650786,53.39173317133608,6.579220588054,0.0023657011589923276
10,7,47.01383549443749,3.527854084820408,1.3112194608177934,0.0016634521029896907
10,63,152.83422953415396,51.980436012476346,5.948523804091516,0.009152971138679232
10,78,17.518501552309736,78.1648405970389,9.221216756544948,0.004127720511716092
10,79,42.769051909425734,83.4256893059956,10.6345638710576,0.006744042040224937
10,86,20.65806631487105,7.689234824498812,4.170315453955199,0.004578059697160892
11,8,28.48383042893919,102.46287274796695,13.306815465679332,0.011192146604216108
11,2,11.804909208665958,105.28811787014175,11.238049825851895,0.007192839350839525
11,3,41.280796754714885,93.62865168357598,10.574756233024278,0.0032213692243504557
11,6,152.97596554337562,12.574024247027053,3.1905485033544783,0.005509891236673483
11,16,110.51407387666289,33.5433927992106,7.358068187655894,0.005571068776282986
11,24,59.917397116437364,93.7311871638709,13.401174051262164,0.0016435279569464664
11,29,44.83195868069099,90.96942950318791,11.917840867102012,0.008283225310671737
11,46,84.96528718789328,53.70946589587982,10.023262869211099,0.0020781761964416227
11,53,115.13430495772306,34.987848230971046,4.093651073707729,0.002757178680418599
11,90,89.5932050040253,79.04161969269236,9.33284013293261,0.0066848180394459954
11,92,106.71612137529867,38.7590846830774,5.939552292439707,0.0014242910939318441
12,0,60.935889863550905,95.96312221503102,11.305260126587097,0.006586848801815946
12,9,148.8469154898297,38.579943988145786,7.794274872839567,0.007487489624615724
12,2,153.02108241682976,68.96801222031151,11.384929266242743,0.0031773639387122315
12,3,53.09097990344219,9.182641125025231,4.667614762762509,0.008080344481910496
12,30,47.65951204333768,54.15403608790009,5.42266394561938,0.010224438769489677
13,0,162.7196584670833,58.82379708963028,6.095127613459397,0.005680779653982146
13,5,154.90909794586406,45.78942385638846,6.809143819375011,0.003048413362858227
13,6,18.582782151017664,103.43196392943481,14.604241161636725,0.006359005266493049
13,7,184.04226348988414,51.27819620302747,7.396297954044571,0.0015818108344572532
13,45,34.34204919050527,59.174827655945194,7.202490726282898,0.011061024156684807
13,58,51.91561515489401,27.37307109147249,4.943677942761421,0.003292224297497423
13,82,117.87110578816967,37.68012064473271,4.640406416772105,0.007590274235969926
13,84,27.579786502043728,60.96554062862755,7.785266342444564,0.010841673487527334
14,8,77.1927015209863,39.61306005125965,6.780678980817203,0.003673305562610402
14,9,45.69274868175452,92.52412120782516,10.69318436414651,0.002431695029388191
14,3,119.13742349517976,47.42101627594899,8.987287031138791,0.0025717191420266353
14,6,139.25987283746596,57.09936579577795,10.67310941587754,0.007630223597941285
14,15,115.013455649379,75.18378823399463,9.788115754462108,0.0031621003992214876
14,19,37.725308334387705,80.43074157763817,11.150219549047478,0.01098545035546386
14,29,163.66802821395137,66.88268198202175,7.774611468101952,0.003499253909666569
14,30,148.0399770245131,76.07345340824949,12.387036600717543,0.009473523424650472
14,34,126.59384943358981,91.26309751835235,12.835282523673886,0.010175086824835354
14,40,18.628076765387213,105.09609822877847,15.477948942931581,0.010887888958936675
14,43,93.7228353771393,43.42659776703399,7.044301208327421,0.0033118801294194197
14,49,148.95256286451607,34.56743209080706,7.236793424186674,0.005511061649304795
14,70,92.18901016465261,100.75199744084146,10.995451444055444,0.009753188306621823
14,81,30.876082566967565,50.93221194031512,5.7710256334504715,0.0018313605302357407
14,86,17.165320167515944,92.4388891544742,13.557613505967304,0.004454638648264308
14,95,198.08477133459022,47.57850649863673,4.899839147133004,0.0017376803200019047
15,8,55.676504538017504,19.564809005667474,4.74564298903187,0.005792863981046216
15,9,60.43953401693021,12.21513324455051,2.7595433794380346,0.007435730535858422
15,5,45.37313973466401,91.6663904246366,10.187780510918511,0.004760126020318731
15,14,193.58366535023296,27.898619957016226,6.524240303778823,0.008386362383865881
15,17,183.0329425035065,38.65352277558246,8.293294715618746,0.0025632810532681878
15,29,40.48802009520435,31.864819881446138,3.5647121323566933,0.007924624156133243
15,52,70.06920933058672,23.40937260927737,6.755962171952525,0.0025694681308188138
15,78,118.87133105725226,5.500654870934954,4.879554004723851,0.0011661605586286298
16,3,188.50333062569686,95.51498169736615,11.38280068336,0.0015075611686782306
16,11,94.96900414038817,98.18185362789288,14.786673042767646,0.0013457141739926925
16,4,86.47714163681745,79.50091010729254,9.532009176859857,0.00853072638298154
16,7,46.41767065470021,72.49259357172592,10.513716356336335,0.008056575531946749
16,62,66.71259486731668,74.06418487548046,11.403505904393008,0.005744591815138084
16,87,67.68804358399333,95.5584018708504,14.506574352771539,0.006463704347310785
16,94,52.030013583520635,77.6685585493036,12.4668520749394,0.0024698677559881524
17,2,92.4089057916015,70.35215679863296,7.7505216988376215,0.009407976849489385
17,5,165.51662385650133,59.693215810059286,6.000763358068564,0.009828417747430021
17,6,172.30029281024616,41.71792482007064,7.904585231073409,0.00455882292310204
17,15,23.87588844649382,28.354363736849958,5.222383032055659,0.0025692997695335737
17,22,112.53646911945965,50.84291721488849,5.254566103037198,0.009142652659970104
17,40,47.024481520872726,22.923474138150613,6.521268300582674,0.00910167602317823
17,44,52.97031855790985,96.6838891240548,13.582675051224887,0.006268750207908321
17,47,142.98614051309778,64.50713759004331,11.412426949418796,0.008947384426941764
17,65,171.09515413958118,20.7854122319685,6.453082554791049,0.006970684054397547
17,71,45.57985794661265,72.29395359329352,9.854259059575904,0.00518693926544942
17,98,70.95408906147887,38.13195798527149,3.8897508153741898,0.0026116753865680384
18,8,43.638798679939775,54.525460285422625,7.000114438471378,0.009156608193055825
18,9,112.44553967932367,24.237148314530224,4.881402637764618,0.00414363355790014
18,3,152.13128264431455,32.12969366823981,4.258143509649864,0.00404842250075676
18,7,17.298516691712667,57.199553802287845,9.865514361613497,0.005983173843928144
18,26,191.8688876469235,10.89569832228883,3.9663931681022184,0.00260649547219521
18,35,192.2291552631118,45.156449030589904,8.624608254455278,0.006889787046436297
18,58,171.65487310336664,34.02672540711707,4.73189151302609,0.008800102089345126
18,69,151.67704181262494,12.448031602028436,1.405456228129509,0.00477474887478471
18,89,47.24586837249379,97.77779920300381,12.816576369966617,0.0047084799266393015
19,2,71.9185016591332,41.53420244597733,7.108275556262409,0.0027416356023500905
19,3,30.913062838880222,8.110968001236369,1.6130079999780973,0.006540417111397758
19,6,152.9138264372651,58.112821563514515,6.413033200373054,0.0025106614180067264
19,14,89.15524669670303,79.49178477693991,12.12972142050683,0.00958841052037642
19,20,188.673428239331,70.16012914272645,10.94432770314658,0.00898261281683768
19,23,17.379532443536903,19.80792101686092,2.0357544293397742,0.009250714548594654
19,35,30.474531414239316,72.80629607967467,8.529024487946996,0.0033349338226171896
19,53,162.35974855745846,33.53047280669842,8.099629789257591,0.009637121660084855
19,56,186.78763014628922,83.44113982094477,11.448265903586648,0.005638969492597011
19,57,126.13086100454566,99.37616744664498,12.613723241070758,0.00708548607514204
19,70,93.94660166880415,28.822437576851705,7.354628598376875,0.007259522072974515
20,8,13.058018472531813,101.26935437792417,13.895465170585709,0.008825918313991255
20,19,25.138699913516607,72.62790610125337,7.384853806216235,0.002966873691788521
20,3,24.081091792296657,91.8942189291631,13.515030377926362,0.008186154747511281
20,4,104.90513640799725,43.931196863769905,4.9167731239381975,0.0069201236604664405
20,32,137.45148230132907,19.0602634285371,5.4032453103690266,0.0012418321912402684
20,33,59.419883110658944,14.12930519867518,5.876492992914231,0.007892932656891491
20,67,46.85804193374298,23.703839977640307,6.8829061395489255,0.010795947459376943
20,71,74.17046151904206,88.69432488231129,12.066351511201677,0.008760238064019257
20,78,162.92269294827665,84.59222179461679,12.000133159182099,0.003477128438994059
21,0,24.364437495860344,56.70985070585592,5.858894581800845,0.009972079147531884
21,9,188.01245216670716,90.7781168947854,14.06710306198896,0.007702919281770462
21,3,148.09213269654322,43.69701688034214,7.010077026765842,0.006831553660436295
21,6,108.98036033024489,12.527106465826057,3.499005133597383,0.0009626925336918178
21,49,160.615598820358,41.570000752621574,6.131166388842806,0.0029878869260695404
21,75,192.4242229216794,49.99585203947261,9.36887684530491,0.009436261872355767
22,0,141.73777291430739,9.335065157263086,1.5190987100272033,0.0015728819024419523
22,17,21.753370574630512,26.629580104404848,6.290948426339524,0.005770102950198464
22,2,28.098750084311952,14.073821230173776,2.6854311154993926,0.01024464088725422
22,6,26.64507597469911,53.79308859872261,8.250889608003519,0.003948486480031069
22,24,137.5709144700886,13.847773418426225,2.7991657123930898,0.009311427067769152
22,26,175.0837047769252,18.937960837771282,3.100472415989972,0.0035414366036296626
22,34,12.511124626094565,13.438534686960923,3.084156312212159,0.007611753764946234
22,37,27.874549483563918,76.99880242676488,9.697217226515725,0.007901544857389352
22,38,43.67442954504491,35.24296299956135,4.2034836567513825,0.0083856490074574
22,47,25.617438987797975,62.261582413859195,8.895154822595691,0.005973767435585293
22,63,133.81968561231093,30.465595783624057,4.269867170503319,0.009135346468192694
23,1,59.640057303011986,6.65819248698448,1.7817111807073192,0.009859230543887446
23,19,190.542937922279,55.570631604650444,10.322639087171275,0.0037075564863667254
23,9,105.84817309815917,89.57856762480029,10.48343376209059,0.009502844011178022
23,7,71.00287538383537,64.55340565199333,7.91595135067554,0.0011745256359268134
23,50,78.00383243749688,13.759321032752085,5.332473257571641,0.009862769414256758
23,77,36.21900429602924,12.994116867142946,2.3663778200367496,0.004651928009142173
23,80,122.91205427647236,95.24977413747331,13.118414910906939,0.0006530999395980323
23,85,193.4362921003963,64.98742927847051,10.792569976272592,0.0022056085025584735
24,9,20.172561412667584,101.14701678241225,12.719987241303386,0.005433818938021631
24,2,94.54114560278808,97.40979080205165,14.434058848003634,0.0037232452402446536
24,11,47.25397767960047,79.62784343950226,12.959157972995335,0.008316301356637756
24,22,169.51685198396527,26.562882531527116,4.676816944168486,0.0042119657948680505
24,27,51.873949799097744,101.04069708869403,12.587276817822023,0.010575953193595302
24,31,115.3742630679026,40.918867659089976,8.818830010135581,0.007180653294729706
24,32,183.1949717984211,47.664706338177716,9.139327968873385,0.0021182110944172154
24,36,39.51412370053342,92.07648712371122,12.193472160231467,0.0066402201827606595
24,40,40.21391128022358,86.52719639951567,9.85598876321219,0.00880103127634893
24,42,123.94849194261731,6.810095897209193,3.1865086242178724,0.001419773397747165
24,52,55.20573554048709,35.77667121437835,6.579472334368793,0.010748351885884543
24,54,50.18570741205427,13.865856854404953,6.290185726965524,0.002496136394995615
24,57,142.36574652001826,21.7388677914133,6.481643948942278,0.0033576143235731623
24,62,94.79409876623639,62.068891553181444,8.296570105982461,0.006683300623997353
24,64,59.58858910440632,52.25097702016228,7.20225930728631,0.0021231900016010423
24,96,84.41606805914346,30.435693624363516,5.358712739428841,0.001509450416631405
25,0,100.62855211533673,30.05478777936277,6.711690493747344,0.005378006956497297
25,1,146.56285364819956,97.1087337685348,10.19481017102391,0.004455286001901844
25,6,189.08631441392524,48.392108016908224,7.0316800280809755,0.0057373526675938025
25,7,34.11337594408651,63.60315420727948,9.707029065631781,0.007998261577940046
25,36,110.663746863191,59.263734382220385,7.733605831517044,0.0020179499653397216
25,37,59.49758166152003,5.930555047986007,3.5553986993001487,0.004421639172359652
25,44,114.40981122991572,31.427807244525617,3.3693731024627547,0.009372967093332069
25,69,66.97946520983123,94.11094827376165,12.908156067561247,0.007181483632422031
25,70,158.51040872150645,23.096110282811832,4.2923461756105805,0.003881598126191505
25,76,182.0703652792159,64.97677119851527,7.761565796954935,0.007439205115843331
25,98,91.52121860246059,92.26464665585,11.16882570643202,0.009796779823911948
26,9,44.063135002190556,47.354126296723,4.932289248012662,0.00685555184809771
26,18,178.43999282960993,42.77695441824042,6.793956585136666,0.006463436618882713
26,22,191.56198521808813,82.75899150206124,13.058933881981506,0.01018856172681582
26,7,60.719805380681244,48.127076867327126,6.153613412588777,0.00818277990649847
26,27,137.49466655876228,96.25954945725475,12.312396057397924,0.0016930294649751413
26,41,75.59889616586656,86.31130407327198,8.873634748768898,0.007104734896488289
26,75,63.05677915134892,67.52056652831708,7.864639261320409,0.00816642022962571
27,24,192.25968339842026,90.69141151055723,13.540856750108425,0.007587232185879428
27,9,42.93952459668871,49.48219212754314,9.565559963414785,0.005427554079038168
27,26,89.25844994724254,100.10711688878455,12.367370408513008,0.006738918051113426
27,8,168.42799807615842,57.00961433507499,10.299650567073888,0.009224085377652128
27,28,23.6382992968311,100.40670342476687,14.931393415749229,0.010333424973652668
27,70,42.735138935438165,71.3458530345317,7.93484390516731,0.002061303136528452
28,8,59.54867744483253,39.06343716699629,5.754953301150714,0.0044235083696665956
28,2,55.79558265484453,65.92839734636605,11.182841289792023,0.008572357792675924
28,27,83.6512503167329,34.092871543067986,6.86098494461294,0.0009991627797971267
28,6,63.82441421391158,28.736874518553975,5.560581600179846,0.007160209018684435
28,38,81.99850768996939,32.42394843215527,5.167366047021925,0.005754313630518412
28,53,93.00156513277115,2.6245480522819147,3.700231148272837,0.0038638299878204457
28,62,51.49121535956837,28.270078462278526,7.551057743246531,0.010498804755243311
29,11,110.29543823250962,12.886769042335965,5.788281680638788,0.009539027191794787
29,5,125.81630162068443,22.139524728939318,6.52337337622855,0.004633154587168894
29,14,97.31088038504849,46.03088824631563,6.900634623135721,0.0017275104095257072
29,15,36.42485504387609,61.71845356841344,11.086869433628536,0.01012705676409631
29,59,29.990133366598613,30.063068776111578,3.931629343750731,0.008932738281467175
29,93,149.91176398012,34.6306419361952,5.701850648890842,0.007470340658266105
30,2,24.504867033363475,97.84581376841228,11.175910697501244,0.005294593419423872
30,12,134.8184407994559,7.239504859055627,5.0156947820374,0.0062968777091976
30,14,63.39759226987338,37.908629477847306,8.72944885551195,0.002543365920401992
30,7,162.10517112452115,10.709383391898756,2.365053730852228,0.010053655564013235
30,39,167.32546495796439,90.71660222372658,13.84150738961867,0.0076106200344932175
30,45,86.95824758108027,85.47276701135371,11.185466247770988,0.003172022456173393
30,51,60.28309839178869,73.90677651329733,8.846309100309584,0.010029572387039937
31,0,107.6923407764378,47.495202719258806,5.607551759093673,0.004638274485117687
31,24,50.42085940375902,29.90582484410337,7.116324406035581,0.010124446341886445
31,9,164.9599435375879,30.50754180585576,5.7166270896122455,0.002752454910836522
31,7,36.659057626877164,24.809039188747487,7.3539298974213505,0.005916069558163143
31,48,110.78682028067425,19.162304824379454,3.2508581472625337,0.006547747868643963
31,50,73.72134700017276,56.913999889735244,9.36014366098738,0.005171677994791553
31,66,44.186915361094975,39.052079611095174,8.047585471571173,0.010538484246433295
31,84,110.82524407825628,22.349301760232045,4.4309704221536865,0.009964203698218713
31,91,162.15954238136067,33.803548531837706,5.430181000660989,0.0014586460785344128
31,98,33.699327166414115,83.85007132023603,11.044591368917773,0.002237043484290439
32,24,118.35446582493718,89.00635931521592,13.568272887215267,0.003488853215078175
32,1,69.71697420308993,59.123578412650645,8.260175101886606,0.001028521680796119
32,3,163.87849483569516,35.13638631337867,5.547554563556224,0.006576542276739002
32,20,56.82243996192156,35.68745144565065,4.564345023305811,0.007034231762537829
32,48,57.544045981043446,69.70449493835439,7.30470125083381,0.00972205526100663
32,95,63.003955341838456,65.14925969656657,7.324788854925307,0.004435260774679254
33,2,38.145583252923075,90.59406637353938,10.245148842099287,0.005697657736122266
33,3,141.50863405032612,76.27867837322452,10.31451928593614,0.009136062215482311
33,20,176.55502618839083,85.19932945189285,13.44205007502162,0.00851405303229445
33,4,118.79511279873475,38.246910883782824,4.960773695903292,0.0017474509323537994
34,0,42.30707975830332,97.8118526114865,10.566682768621671,0.0016507024953587152
34,1,137.2535607927922,69.39992493162505,7.134339758414738,0.0029821366345608937
34,22,196.14355208656178,93.83065296028144,12.144320438580825,0.0005930481987276145
34,14,132.8801974737505,89.28627693898466,10.089961166627344,0.00746285025404064
34,43,133.69208636914485,29.671806249920753,5.932807623584457,0.006817535192692493
34,45,179.10626318501053,52.70622343457879,7.537841499278525,0.009405406912086096
34,59,61.26068743651864,100.70674411065566,13.556058535163812,0.0028753853990390456
34,61,70.6022558010757,87.12118622184138,10.25583019126008,0.009599534859202568
34,83,49.708976150634236,7.863062498976776,2.2020769222937835,0.009316591342198645
34,87,156.86834753042513,36.343637399434456,7.794885958351177,0.0014287008816074437
34,89,91.24462047066262,88.76781242646426,9.852523418329621,0.004712016920915375
35,3,13.658749791472728,11.6457096803638,1.5431226709939425,0.008303298173138712
35,9,22.50614072902729,24.24415163478262,5.625896245681858,0.009199508525157146
35,18,132.58377921140107,91.69431389508033,12.25139938550334,0.005158763789043892
35,19,155.1924604366006,28.98666066510199,5.438717529888825,0.002951309360749663
36,0,148.31686704785147,90.51613662407847,9.20399630749956,0.005959626236369666
36,25,117.22394756932222,59.05579805643702,10.2346211653885,0.008187105446256056
36,6,165.3664218581125,45.768489917632216,5.156814786937307,0.006245922033578804
36,24,104.17338848237016,73.91651003778614,9.197177124962788,0.009857069300973428
37,8,67.47630776638536,98.55657229333492,14.56429937879751,0.0044749728495194156
37,25,197.69903359539816,74.83213267541157,11.7757799533777,0.0037648415494925904
37,22,130.60831038506694,22.659351915703333,4.591003441155388,0.0025595612572441155
37,7,185.1413344781779,1.8481518660489231,4.641504538996278,0.007604440796192602
37,59,80.30979227944978,61.79051135344265,8.70605633137155,0.007264843946431098
37,72,153.48136756701427,7.0887440869748515,3.4356246249479865,0.008498012570905758
37,85,10.997656556929183,45.98469233862357,8.542876517112644,0.010655743607508636
37,99,53.86502332821763,29.257957324547156,7.620776719741986,0.010586416697528864
38,8,177.14081674680338,98.30536077760837,10.96079500025047,0.002683925615611923
38,28,98.0630986856495,11.932724060442542,3.9233109591727473,0.001207750996168086
38,22,13.89070989669986,68.84211060086281,10.06848746157822,0.012408245342032418
38,7,128.53888554870764,21.43491492443518,3.9756900133815485,0.0064318684703689975
38,49,183.995395761049,7.432077870269267,2.5729391150993237,0.005499631336666981
38,55,16.270068903696778,27.09258854470953,3.046816159346531,0.011118755596035135
38,97,199.67834557275148,69.87046075122738,11.125246411972022,0.0017621006008429559
39,9,36.2535706282583,4.9173488380363555,1.0324083511164939,0.005213080066747543
39,3,15.701278884008426,104.35156255736197,13.773230727810533,0.003831661130594736
39,30,31.913018031873765,70.4598418942953,7.426809647161128,0.001841170968914494
39,7,15.136985468963603,26.176780723046292,6.088865990227978,0.011925630455760002
39,68,144.03289448627754,87.09146924043333,12.84445388780972,0.0048894652706961365
40,0,49.72842523383133,21.9620088210913,3.2228176984044756,0.009789294201344738
40,24,51.68021177464604,19.250893664771215,5.777361026621399,0.0013464889533091103
40,14,119.52255765165238,87.61951319713832,13.722482481836892,0.008173235532500265
40,17,164.2129648461549,95.1100973419055,10.88380365870935,0.005046218722008556
40,61,189.52100860671544,39.314881239876804,8.683305819301655,0.007802598351061215
40,62,116.75542171416762,94.65638990196182,10.733545988703138,0.00673555008168023
40,66,191.2810442296823,40.444468900472536,8.329040420852525,0.005394025154099983
40,94,140.01485256296797,24.423304461216944,5.743071672928441,0.006928763945677969
41,0,92.18198853817862,99.80046318875563,14.917008765022397,0.007096164653053686
41,26,56.55799804457445,9.288128508906784,4.213854765914256,0.0047662716714250465
41,3,163.12061549451067,8.821358381942026,1.4183919096127475,0.002529747591873527
41,5,135.48625390064166,76.63939346417459,9.272750900742604,0.007359885335696987
41,73,156.92547147464302,68.31310873234212,7.9360012359374,0.004367251833065912
42,24,18.38574757893943,85.44116865018177,11.845451177212102,0.008507534778599208
42,2,197.1678970905156,53.29203699393034,9.722816288449847,0.006527974151818231
42,3,155.89761899620328,47.040360852328774,7.703364906126662,0.0024767213414960874
42,4,52.266950532242376,93.68457540908994,10.594005146034581,0.003198238543283119
42,54,100.73151115475102,2.01932743449676,0.24546600766857893,0.007130940502478982
43,8,22.038835916429328,61.12797881184312,9.032362879036631,0.010141626099556524
43,34,179.67399504622946,83.51916929434987,10.683167881041538,0.01011516771483874
43,6,13.906969278390605,64.92494345169695,8.293280550258693,0.005939064360322908
43,14,137.65467178940693,67.01044402927363,7.752261896595085,0.009063355024948906
43,81,71.32362197521871,51.24311276881517,5.799854514527797,0.005903870351218325
44,0,48.20724145405122,93.80233343826568,13.338258509985923,0.0017645440140077804
44,25,92.44391725652262,92.10861795783127,10.15100585942822,0.008295320639248217
44,3,37.66189813257271,85.99541754751539,9.257814786628737,0.0049533800968157606
44,17,188.6795372894472,10.90917190632621,2.9119304796471708,0.003999145739126585
45,0,53.31136343947269,42.66617805938375,5.2746206590737605,0.010686554308472561
45,34,48.83833049864506,17.944838730639415,3.2806070800512903,0.006887716534908356
45,13,161.73280183171642,25.7592059348613,2.728169005012443,0.0016268542543201858
45,30,89.91670348765177,25.426768000679328,5.081213856430449,0.01041983172521291
46,3,17.55380732995436,32.358078124424125,4.998062929101162,0.009861433036184008
46,9,169.6790738295395,89.48292131921146,10.907263230593072,0.0008814118732637538
46,11,146.6078126177871,16.13997948036843,5.765221890592259,0.0011823227360202534
46,6,185.67972409516383,93.47440653765797,10.001283546465359,0.0066227920975120225
46,73,160.27055012972545,55.97246971749006,10.136478347622484,0.007212219465040634
46,74,123.93167740282261,7.751430328339449,1.2582000522332755,0.006296190786831392
46,99,133.33095353742902,50.54661471534634,9.178576494907826,0.006349355320941262
47,17,190.23591667565472,76.75471975927816,10.651236689845145,0.010113217850563959
47,2,107.33401682799985,31.384490957902532,4.036195734004499,0.005556717456389948
47,5,119.40882103220663,87.70319722230035,9.741774460264876,0.009909884797987639
47,22,27.774440879793882,24.221336962905546,4.017524214471935,0.010429554171605182
48,32,79.18713290792549,71.47181193849563,7.8049741660543495,0.006537561581390069
48,1,106.62105024305771,10.352371068204226,1.4217643059598797,0.0055860389320250585
48,9,179.45878030452937,9.991153771864955,2.5441152551159343,0.0014203460504791131
48,31,96.98484686981065,64.19407785055428,8.252907845594168,0.00800627126053197
48,52,157.13821642910938,2.245225365605684,5.21698457069365,0.008277797091439333
48,56,186.45402262549348,3.674746692590686,4.945086056911529,0.008541369783400187
48,88,145.24914746742104,29.45767339342213,5.9208337695575315,0.006778456903381124
48,97,101.48093558938264,60.21326089265785,7.501870260541511,0.005745414928620533
49,38,158.29906358664732,56.987524973144644,8.936755223937856,0.002486838801253909
49,9,89.18691333082435,60.7977132024139,10.336506316538287,0.008966608066452733
49,21,174.7102244312214,44.2506883488037,4.690506572483112,0.002127526514883256
49,14,138.23511317087772,2.3230519904752165,2.442977853607786,0.0067383062437160555
50,31,38.115722322926416,23.199401606553653,3.9374788741352047,0.009311387729097974
50,5,100.83516078849465,85.90682422811383,9.84264311582049,0.007947473927672689
50,6,74.97288751849096,77.94605708915881,11.463782507187569,0.0031483322419099346
50,23,98.61285794516873,18.652609063400345,5.2670721539422924,0.009485613283641139
50,56,197.09124607241804,91.82380718507177,10.441033003167322,0.007094232869979642
50,63,186.44894456597996,72.12510957778272,11.114769405144752,0.007692290794702647
50,92,103.6088438229809,10.742352242257901,4.1547114105992815,0.004061190090256177
51,9,50.94788869076015,29.587703764757165,6.69447579312285,0.009030676436935182
51,7,139.52698648744146,43.07880794688922,7.92906702317933,0.0012493209803117753
51,6,17.917126465422996,61.8508793696684,8.809407699967961,0.004683612354116616
51,30,93.17486143018246,80.41597601227471,11.416071883792476,0.0027822994743849127
51,71,172.16192391713926,56.37224394554616,10.347679892954744,0.0023171006176412956
51,72,105.07269080464643,33.75783804529383,6.106322869766139,0.008412977254115502
51,75,175.43322002478266,60.014855103683864,6.757867271875881,0.008395087175901456
51,90,51.94699050381226,99.28157461761275,11.532277929852501,0.0022569935140279605
52,24,89.99054593018369,20.255050500660573,7.007917216539818,0.004535416793411626
52,2,47.49261879539308,47.05278361137047,5.689964918919524,0.009045708189259732
52,48,131.6191630059568,24.61884851086751,2.8704847702742247,0.005898080935991296
52,15,180.21356239184786,79.39075068445378,8.429819467218666,0.0006714509846120385
52,58,90.00382654651514,21.247532903091695,2.648479859245877,0.004309874596449971
52,67,32.39711772699623,23.144963674049173,2.682034746526755,0.004282666831954381
52,76,170.69706217817844,67.4994419848337,10.517776035224678,0.003876392495046657
52,77,175.9361224496906,76.89136106533418,8.767722977833772,0.010186730664802938
53,11,12.854003831494598,36.53863799172037,3.738662176366976,0.007951819630056017
53,19,190.03057067361914,62.96049833361392,8.118189954789477,0.0020312025372949743
53,28,125.24315626811146,52.94594741927595,9.170332788013274,0.0006431372516340786
53,7,152.11762279866073,35.79764983260438,7.37413501220853,0.0013565684055094238
54,24,160.42795515900576,54.11348391584513,6.6910771410473115,0.005918095923286563
54,0,165.43948536126575,10.268492688664033,4.539947807551462,0.0036095177367612983
54,42,116.7969894116898,33.469159730724684,8.084904655445238,0.008238595188252285
54,7,30.56750248854064,51.581865175597585,9.570535411848347,0.003841988723138617
54,76,131.42717508094202,19.819775646355353,6.516315150901658,0.008854532030188794
55,38,36.01090582195389,53.23213310838544,6.08290562304043,0.0025703209496872994
55,0,106.37539189652479,85.88501595578451,8.802856610351261,0.009044950707224633
55,6,183.1320012197662,9.219854083847387,4.025469306847059,0.006541207112425478
55,7,78.62156240849933,60.51061989871721,8.432411141100737,0.006984545566479695
55,61,154.9906916906714,84.8111335821444,13.405345611451473,0.0052432005204946395
55,66,101.09300566022613,50.39284905259703,8.690219568396621,0.009510205292846931
56,48,67.35701879266327,68.26131163092894,8.962535596089932,0.005522740435861815
56,50,20.368567321406452,66.03934796365178,9.649153951721312,0.00730053439107881
56,19,128.00592837898108,44.03673808802894,8.21445552117955,0.0032043626230572227
56,4,142.98883113334438,95.92231470204742,13.575169904322136,0.004769790817019037
56,69,67.0340699542111,45.95140171738636,9.584112759750106,0.0028427265129281065
57,19,85.19078578034909,71.26462353805687,7.451729748355108,0.004000464523906182
57,24,127.1228581976242,18.88859098482688,6.497291025854559,0.00585812771475001
57,2,68.46419916812374,13.621263636166596,2.1356083000493062,0.008860418420493885
57,3,191.72073505081065,57.075149561329056,7.818260745358085,0.00871237407658703
57,64,71.58271392816708,6.38620908911993,2.552722270905042,0.007042027229257298
57,71,140.88252911837776,36.801404461020866,6.856295533925378,0.00974321755282528
57,75,73.34813445205408,55.47793731368429,9.387724070214855,0.010339600553422089
57,84,164.51827289255877,57.7690592588867,6.941421641932787,0.008203453606208543
57,92,121.70505713100891,93.4865865910324,10.78619515547016,0.007490949834803757
57,97,15.63296555979532,81.77785853808416,12.54123177453365,0.010037766056042605
58,0,74.85456141649588,78.40145451802782,10.491759689981459,0.0012541974628937002
58,18,192.8244921460452,6.077735994624045,1.2194849660177942,0.008637814103669782
58,52,18.418631642351443,88.35428507307823,13.264085673858473,0.008213522226516702
58,13,144.7334744241129,7.069602675360018,1.8612627706982696,0.00544495637325098
58,90,85.0752220123134,49.13556464893227,6.714612555169889,0.002068592326312497
59,8,162.6540246427111,31.09333400915804,5.514005985040244,0.00905214173679956
59,34,22.69097216508696,61.121112514867626,6.480115979060407,0.011748016991543375
59,37,76.24207031248643,65.39281440972422,10.195731485327736,0.005341763009172772
59,29,63.44431605366226,33.44792481728971,6.24195781457345,0.0028611985676763652
59,77,20.075978839586558,31.639604317365617,3.4648962663666825,0.00856303224141761
60,0,93.1407535236288,14.362866341776193,5.122001964566745,0.002090244948074343
60,9,167.20024339987467,35.04480698236335,5.030773810364659,0.0018158696557593697
60,2,31.995361915165446,98.6598596283862,13.454430988747802,0.005405272965709018
60,7,103.37767715048534,97.69387693095254,9.910589214975522,0.006644030738402569
60,85,89.5915829176104,87.89176788245653,11.44977317597884,0.0008208619690004376
61,40,180.77381625482946,25.972248152105113,6.138424517474467,0.0020066880064419125
61,34,56.63350812139499,33.36018085986797,6.135684262350292,0.005969629346793603
61,55,152.496195243365,3.131076278591846,2.0182413245621293,0.002649993363347227
61,7,141.06736910586287,16.22312231517259,1.6312690265382268,0.0038741285001354306
62,24,23.41339625225174,47.40328551228924,7.0714325703911385,0.010187602888747972
62,16,130.78602533052086,72.09694345690777,9.583183467551143,0.008036690165059444
62,40,114.05681719445357,5.237456003731772,2.558381698051947,0.0013399863971233733
62,28,86.26155447015454,85.73727766360983,12.610975380666096,0.004280750033321096
63,8,198.32836704826929,9.193218309856368,5.306304792355457,0.007034728851621231
63,10,39.44009009496973,34.50938362873346,4.207306427408275,0.006046334262493727
63,50,78.96808176505101,92.83928590843085,11.700636288328568,0.0050991722876336625
63,22,194.5802833217758,34.07370906263996,7.112417059518796,0.009646104601673871
64,24,53.06691291566435,56.41797331198767,6.727557827925814,0.005111865321983431
64,57,168.2251244017034,45.00009175819585,7.554162460519704,0.003145987831702667
64,0,77.56628836365816,46.53134031693765,5.629649645960623,0.006417498170940382
64,7,177.8495649369184,9.078542829456374,2.3533777606748707,0.005587592696961748
64,74,141.67784524976767,48.99463533358161,6.026868748890897,0.00561332307336139
65,8,182.03725551196212,83.0114200816725,10.199599589695211,0.007133820515258268
65,17,93.83337252797818,92.91129926515706,12.210701675562856,0.004097546075746591
65,9,87.53106099535235,72.67558730540294,10.065677729861783,0.0040735356089834345
65,7,144.07766437270917,54.48819667206819,7.707077951081432,0.009482762688107561
66,40,105.8217009322973,42.2738454905478,5.368372508750648,0.003017031002485017
66,55,37.33262095248475,85.4992360033329,9.6179961418886,0.007636864827464361
66,6,124.40738549573281,17.166970505319508,6.173750153387999,0.0073487239205815074
66,31,196.59144310794164,62.888621991890375,8.835886153803367,0.001039246437012978
66,79,79.51934807132399,72.70696911806563,10.48106241722163,0.006869902477884672
67,0,131.2106792593662,75.73115698700737,11.3944680574234,0.0048258469625312075
67,20,56.689612769004526,53.99198394059844,10.04073738069597,0.0049258766474539195
67,52,36.70873309849746,27.948802084547328,3.734562684755713,0.0016645001753249466
67,7,198.6257554140602,62.190439154190955,7.175157371501371,0.005495260912098315
68,8,54.096030517520155,83.0863305688709,10.048826535570258,0.00888743056829384
68,2,45.97290533490113,55.91483505098181,7.806719846067947,0.01017221665024939
68,6,113.92797105965533,79.15960824432744,12.31122249367208,0.0006067739547084461
68,39,122.75558473551129,76.8899936583962,10.443972616292955,0.010084000592198588
69,56,36.2405931034362,7.522628267268987,1.9532719026126781,0.006877829025278957
69,25,66.74620735874015,87.89662928121415,12.541943832105932,0.0013681073981200856
69,18,148.4696419464401,84.36090784680236,12.006827356645124,0.0032207263426757542
69,0,113.19155425889731,61.17113183384462,6.878527892261221,0.006052054990864237
70,27,186.8387924327996,78.25228934713265,10.243768929102465,0.001023857084677463
70,25,75.73593794971958,76.07429002097689,12.16466640115581,0.004573605472535649
70,19,133.03158413492048,62.78144956460444,6.5574142692793345,0.0011639014806740441
70,14,173.16377879081415,17.558643598188745,2.4006256848527032,0.00877582836779141
71,17,16.75898739284824,100.54271884197652,10.658117900873892,0.00958831514420029
71,51,180.20518043573983,15.850231797177656,4.202353822469583,0.003233821042057116
71,20,127.7332282727721,2.1512130902710584,0.24114623885134961,0.006875269619336495
71,57,69.46418178918974,56.18827182119179,8.712650993467784,0.0018376869843467194
71,73,152.60977227893767,50.970382847889425,9.116932762374837,0.010274596413358459
71,98,49.734610719667046,36.313225767844564,8.492773897731658,0.007098389835460511
72,3,194.34633544727177,81.75161424233806,8.603858698555063,0.010142112916162958
72,51,195.35025825754954,32.70548168216624,5.922404194984733,0.008360014601830962
72,37,100.45638518662055,49.75382351335338,6.627128160967217,0.005160378830041215
72,7,66.33556821918533,41.25269428345098,7.565117024971878,0.0014742700816986684
72,93,40.90677833551381,60.78272552410067,8.094785899637278,0.0036207580706771906
73,41,143.38440184877354,53.33431208914891,9.448718608857863,0.00947117382585228
73,5,119.17531429471796,22.458058569791856,5.576267737468189,0.00950630589094745
73,46,39.805769109828034,80.82009813524927,12.270219498968924,0.011070606461559466
73,71,100.14432906427912,18.014922314082654,2.972140266464293,0.007229669299900215
73,87,26.920055652440155,19.56592311391434,4.625955677710957,0.009646252591091704
74,8,177.23034554399675,93.21911272768392,13.818731106771873,0.0028858702708220952
74,64,51.84688326770071,56.7343576727729,7.555976737733458,0.004788648268026399
74,5,27.629442069960028,96.27507070675506,13.902932574626497,0.008857084409224815
74,46,88.51446491409514,90.40815744611844,10.398652686667571,0.004456944479305535
74,79,43.92353523728327,43.60746236876582,4.625139668923109,0.0013709208781141308
75,57,99.47505473334078,20.491532898727808,4.105677844454747,0.003332371761649269
75,26,14.70871430416683,43.45787966362383,5.929646898946208,0.012362244644973592
75,51,182.62273699088956,96.43659190083277,13.099389014162924,0.006483664391805447
75,21,169.85886221987187,10.775159723066176,1.2676060505670703,0.005879754231239974
75,93,26.309856692658194,52.546933373210116,9.131698073666417,0.005725061149198884
75,95,79.3004511795531,69.06978893279596,9.813080951742052,0.003991598949339467
76,8,198.43235848845055,62.93376299003101,8.418549957408981,0.0009563219449784614
76,25,165.63707828027864,85.35943619677512,13.247021000978606,0.006647940998058499
76,52,199.1665580335248,46.73121083814814,6.378932066181052,0.004802881578286069
76,54,51.7292994778027,26.882354994867175,3.361750168956073,0.010030954975030783
76,81,37.61067081313516,81.925080053281,12.57193197750438,0.007748269043355876
76,86,35.34743828133441,70.32257229435325,9.468377737237997,0.008610483950138453
77,0,145.26685499632643,45.51380442796192,4.967397190874826,0.002068271395381496
77,59,31.530283797763243,20.584473467866978,2.3515803541706957,0.0058521159393979455
77,52,86.30720625078018,77.45634768786272,9.454450275827698,0.005660159743970968
77,23,196.12903200620684,66.92535450527146,6.943931484865541,0.008740011505316878
78,8,92.38224578944416,98.21345889222579,12.612446931883415,0.00568733281805708
78,10,109.6937298053464,27.602137664437222,3.9241487185031048,0.0030369760957009184
78,20,132.66005261404268,39.48461911175259,8.31408809814953,0.006081058075576715
78,15,24.414888697117973,70.04055033190261,10.919029384560096,0.007921407719231052
78,96,130.86149953877253,19.15809033432648,5.1400683215729535,0.0013220497567669658
79,10,73.04413369675149,21.809896451685837,5.71462732383297,0.005372602604801369
79,66,173.93493002590327,30.16479521144701,4.225278923477411,0.001217503851789859
79,3,88.83117788448774,41.361666412870164,5.650532048573767,0.006079673124053416
79,74,93.87880116255843,54.21143591270112,7.366477753678051,0.002923416804082743
80,3,103.21856333733942,73.54303789147363,8.952118043015798,0.0073421969276293575
80,23,109.91634952582966,45.579599551302955,8.296428477860964,0.0008406736003488836
80,6,135.68129848171478,53.17706781984893,8.309180397761494,0.009166366145801252
80,7,34.29041448343161,32.64754001125387,3.727752537790285,0.003168903723736439
80,84,73.64126603664079,52.26903923390334,7.828189934355354,0.010363237016123726
81,8,78.513576654389,86.6495721001261,9.915445307046177,0.010397651238059535
81,43,181.8742022149011,5.852235128403832,1.9388631136476104,0.008628506431331891
81,76,124.83081527744407,14.656697386375937,5.889114624488657,0.004264453994685819
81,14,78.31907364739122,96.480125155204,13.015009249126468,0.006759627686642394
81,91,30.461235025959994,90.33097747218892,10.954206989396374,0.0070256777804769445
81,97,21.769634606777437,91.90137947161169,10.109387060910759,0.0027448141497063783
82,8,155.64486271423314,93.92126959927253,11.673795654686113,0.0012504011954076388
82,9,52.135747803387545,96.60983683975454,11.418572113140389,0.009437102872523011
82,13,71.48426015837848,86.53665005565607,10.082311689936592,0.001666734331659547
82,6,17.45136927803937,20.20652301428025,2.9664301284683203,0.005271260156564412
83,1,175.2760183202672,12.614593171265204,3.0996978191541342,0.005840110992093557
83,34,113.80446838016388,97.06334614367736,11.880931951777995,0.010068346467265569
83,3,186.382155979964,22.260266610790307,2.316323665254767,0.0036834803375404906
83,6,160.3401482588934,21.545370217273028,3.2392617588229595,0.004074429208705626
84,80,196.32050769192819,3.859130367617651,4.191871899642687,0.0030934811614395747
84,57,171.84877006933857,25.34047002023668,4.574966663894838,0.009899335813380174
84,13,36.15594394585715,29.625346112997963,7.068502366992188,0.0029082206072048402
84,31,164.15850280496545,58.431811312279905,9.066958988870566,0.0052022862056986105
85,3,58.40564805273466,9.037060516563923,1.300133250349464,0.00904906275996169
85,60,63.0779131113855,64.46581756797536,7.209689197810974,0.007327550654735579
85,37,88.48920709334429,8.24276045448818,3.911541196909401,0.003677894183694895
85,23,35.71906105566008,25.610557462314283,7.1753442136909715,0.006992664806222217
86,10,135.26799734267468,66.44939861526939,6.702449442206356,0.007435130882906336
86,3,12.777709544755552,18.498899822302533,3.028922693550877,0.004918507206877813
86,76,42.57622799480577,94.41556165852339,13.006578076640455,0.004257983338486659
86,14,115.33156165488113,30.590802922015115,7.525925770226943,0.002903978614146167
86,92,75.38439898411599,71.32949337328098,10.469523914793815,0.010507304275413635
87,16,108.66236467001173,37.184214504773344,7.2777333527055434,0.004680648461438059
87,73,55.70623444946426,83.52064992732625,12.495730551693466,0.003211621111069271
87,2,156.7426340228998,3.73849999736609,3.0212637152740105,0.0038897902173033808
87,34,87.91016813223499,24.236238040222787,3.627447891609823,0.0025015122833907666
88,48,176.82627098897638,48.23497621306452,5.0670671781406895,0.001813448938583422
88,8,116.22292988993183,4.887369150224789,2.753089609187962,0.0029532936025075214
88,0,94.0099805662464,56.588340614786276,6.0228848524035135,0.007093436917702391
88,9,50.09729870221423,39.59047620813648,4.149645710896678,0.0012079911047060336
89,9,70.68490599351955,88.85986581464603,10.39509870127024,0.0014963005923143296
89,34,162.60834182526844,64.88477426623707,9.730160657075205,0.0038365227984772593
89,18,175.55772734108234,22.13036980737956,3.8873300097218286,0.0039043191590994687
89,7,177.98491529693615,83.42290007756652,10.066886921573182,0.005876049559645895
90,51,134.3221452217009,79.91013774465979,12.204926163888944,0.004572695892963402
90,2,19.644137274604915,78.2129582889471,12.71340494846065,0.006359994407225108
90,11,109.98610202123376,33.93087122975097,6.653044633996213,0.004085743565180375
90,58,42.86836933699875,33.17193123749238,5.602240901140189,0.007155300411093683
91,81,89.18512467221147,53.895602435629606,7.714384781918628,0.01006611937776888
91,2,95.16951674228773,73.23372019324997,8.45202868927061,0.002861442789532069
91,3,127.56526953990478,99.21486487904843,11.638154666963402,0.0065681508341947515
91,31,127.87249825303333,17.57652249855297,5.405525426055953,0.00633344296124881
91,96,178.97779982007765,11.618866689980836,4.471984802974532,0.0021254223883605183
92,57,112.50430845371382,75.0682290342919,9.418447379361487,0.008936152811901434
92,50,42.50379050500895,44.6543452086213,8.356047843893116,0.0058607995047074484
92,11,25.00193518807855,86.41186367577598,11.982262022703486,0.009074135891990234
92,86,91.49937664355332,47.77866842490867,9.14232939860146,0.002110332555361945
93,72,21.241354423789176,74.27458177591151,9.583343465259107,0.0028085084930180356
93,75,196.341063218787,40.441564452969736,6.396917805465729,0.006478729099665843
93,29,28.879438088627733,73.81394362787523,8.64528275933274,0.009902636891576526
93,6,86.67675541181418,91.16892451296181,12.15148842693224,0.004605114146088763
94,40,135.5600201097399,48.00581556159029,4.9105589774813065,0.007660376451247961
94,1,83.3782817523095,36.906544955699424,4.084671917760045,0.008918682785211058
94,4,116.22595561729251,42.6130766198025,6.804059646144689,0.007137693584015427
94,16,128.02318534973176,93.93678328125876,9.716692559371278,0.0017559179065149662
95,32,195.71896762111763,88.62230305854457,10.593776080553386,0.009042128925801302
95,75,31.31822461667825,82.51689143864157,9.668076226624128,0.002526550349414909
95,6,60.53134063336329,53.94681237685406,8.907920156763224,0.0071913073915778475
95,14,47.344757041328506,39.592240865808385,6.346796278670672,0.003090419627637007
96,24,109.39917292021211,92.74169210885157,13.675593979508847,0.003493717605797455
96,1,58.632104768090045,71.72139458386091,7.72220162835112,0.008298121325647464
96,91,23.301477287623808,90.12100471679358,9.513596509806348,0.012092254835241832
96,78,140.99816592841898,15.724220234827136,3.5321104320550236,0.004636972433708375
97,48,54.539387912289165,93.13376932387033,11.953424097309622,0.009918610884795476
97,81,34.67122436669437,14.834144380765196,4.139886499451432,0.002937451379146293
97,38,153.6251829525733,26.150502913779903,4.299671002987419,0.0037096239540461264
97,57,88.52065062294702,42.81453146365542,6.693155378818224,0.005592278702814166
98,17,151.8543212105384,25.94719908109598,6.074373270870787,0.003432484838044086
98,25,198.59274828972246,62.30439764368569,8.646924771490719,0.003008626491137208
98,71,68.13903615331171,100.94913184360072,13.402916378122484,0.010656333593073943
98,31,131.87772740619954,45.43942255510027,8.346463439416052,0.005226063826290819
99,8,143.389579036243,27.926114671491373,3.1615641000184587,0.00502565190011542
99,2,45.208861517911785,42.5554511980785,8.293804653388323,0.007082838213954048
99,37,24.739734631181435,29.827515334163742,3.4361524688732255,0.004300051600983433
99,46,102.92760673159621,63.828646750828035,9.771545926369111,0.009925369012020378